ensembleid	genesymbol
ENSG00000001461	NIPAL3
ENSG00000001561	ENPP4
ENSG00000002745	WNT16
ENSG00000002746	HECW1
ENSG00000002919	SNX11
ENSG00000003137	CYP26B1
ENSG00000003147	ICA1
ENSG00000003249	DBNDD1
ENSG00000003989	SLC7A2
ENSG00000004478	FKBP4
ENSG00000004660	CAMKK1
ENSG00000004776	HSPB6
ENSG00000004799	PDK4
ENSG00000004864	SLC25A13
ENSG00000005073	HOXA11
ENSG00000005189	AC004381.6
ENSG00000005243	COPZ2
ENSG00000005249	PRKAR2B
ENSG00000005448	WDR54
ENSG00000005513	SOX8
ENSG00000006016	CRLF1
ENSG00000006118	TMEM132A
ENSG00000006128	TAC1
ENSG00000006282	SPATA20
ENSG00000006283	CACNA1G
ENSG00000006432	MAP3K9
ENSG00000006459	KDM7A
ENSG00000006534	ALDH3B1
ENSG00000006576	PHTF2
ENSG00000006625	GGCT
ENSG00000006652	IFRD1
ENSG00000006740	ARHGAP44
ENSG00000006747	SCIN
ENSG00000007080	CCDC124
ENSG00000007237	GAS7
ENSG00000007372	PAX6
ENSG00000008394	MGST1
ENSG00000008405	CRY1
ENSG00000008441	NFIX
ENSG00000008735	MAPK8IP2
ENSG00000009413	REV3L
ENSG00000010310	GIPR
ENSG00000010626	LRRC23
ENSG00000010704	HFE
ENSG00000011028	MRC2
ENSG00000011201	ANOS1
ENSG00000011332	DPF1
ENSG00000011347	SYT7
ENSG00000011405	PIK3C2A
ENSG00000011426	ANLN
ENSG00000011465	DCN
ENSG00000013016	EHD3
ENSG00000013293	SLC7A14
ENSG00000013297	CLDN11
ENSG00000013364	MVP
ENSG00000013810	TACC3
ENSG00000014257	ACPP
ENSG00000014914	MTMR11
ENSG00000015133	CCDC88C
ENSG00000015479	MATR3
ENSG00000016082	ISL1
ENSG00000019549	SNAI2
ENSG00000019991	HGF
ENSG00000020129	NCDN
ENSG00000020181	ADGRA2
ENSG00000020633	RUNX3
ENSG00000021645	NRXN3
ENSG00000021762	OSBPL5
ENSG00000021826	CPS1
ENSG00000022267	FHL1
ENSG00000022355	GABRA1
ENSG00000022556	NLRP2
ENSG00000022567	SLC45A4
ENSG00000023445	BIRC3
ENSG00000023839	ABCC2
ENSG00000024422	EHD2
ENSG00000024526	DEPDC1
ENSG00000025039	RRAGD
ENSG00000026025	VIM
ENSG00000026103	FAS
ENSG00000026508	CD44
ENSG00000026559	KCNG1
ENSG00000027075	PRKCH
ENSG00000028137	TNFRSF1B
ENSG00000030110	BAK1
ENSG00000030304	MUSK
ENSG00000032742	IFT88
ENSG00000034053	APBA2
ENSG00000034510	TMSB10
ENSG00000035403	VCL
ENSG00000035664	DAPK2
ENSG00000035862	TIMP2
ENSG00000036672	USP2
ENSG00000037280	FLT4
ENSG00000037637	FBXO42
ENSG00000037897	METTL1
ENSG00000038002	AGA
ENSG00000038382	TRIO
ENSG00000038427	VCAN
ENSG00000040608	RTN4R
ENSG00000041515	MYO16
ENSG00000041982	TNC
ENSG00000042062	FAM65C
ENSG00000042317	SPATA7
ENSG00000043591	ADRB1
ENSG00000046604	DSG2
ENSG00000046889	PREX2
ENSG00000047365	ARAP2
ENSG00000047579	DTNBP1
ENSG00000047849	MAP4
ENSG00000048342	CC2D2A
ENSG00000048828	FAM120A
ENSG00000049089	COL9A2
ENSG00000049192	ADAMTS6
ENSG00000049239	H6PD
ENSG00000049323	LTBP1
ENSG00000049449	RCN1
ENSG00000049540	ELN
ENSG00000049759	NEDD4L
ENSG00000049769	PPP1R3F
ENSG00000050030	KIAA2022
ENSG00000050165	DKK3
ENSG00000050327	ARHGEF5
ENSG00000050405	LIMA1
ENSG00000050438	SLC4A8
ENSG00000050555	LAMC3
ENSG00000050628	PTGER3
ENSG00000051341	POLQ
ENSG00000051382	PIK3CB
ENSG00000051523	CYBA
ENSG00000052344	PRSS8
ENSG00000052749	RRP12
ENSG00000053371	AKR7A2
ENSG00000054219	LY75
ENSG00000054277	OPN3
ENSG00000054356	PTPRN
ENSG00000054654	SYNE2
ENSG00000054690	PLEKHH1
ENSG00000054967	RELT
ENSG00000055732	MCOLN3
ENSG00000056487	PHF21B
ENSG00000056972	TRAF3IP2
ENSG00000056998	GYG2
ENSG00000057294	PKP2
ENSG00000057704	TMCC3
ENSG00000058056	USP13
ENSG00000058668	ATP2B4
ENSG00000059378	PARP12
ENSG00000059728	MXD1
ENSG00000060140	STYK1
ENSG00000060718	COL11A1
ENSG00000062038	CDH3
ENSG00000062282	DGAT2
ENSG00000062524	LTK
ENSG00000063180	CA11
ENSG00000063438	AHRR
ENSG00000063854	HAGH
ENSG00000064199	SPA17
ENSG00000064300	NGFR
ENSG00000064547	LPAR2
ENSG00000064666	CNN2
ENSG00000064687	ABCA7
ENSG00000064961	HMG20B
ENSG00000064989	CALCRL
ENSG00000065054	SLC9A3R2
ENSG00000065308	TRAM2
ENSG00000065320	NTN1
ENSG00000065361	ERBB3
ENSG00000065534	MYLK
ENSG00000065600	TMEM206
ENSG00000065609	SNAP91
ENSG00000065717	TLE2
ENSG00000065809	FAM107B
ENSG00000065833	ME1
ENSG00000065911	MTHFD2
ENSG00000065923	SLC9A7
ENSG00000066056	TIE1
ENSG00000066279	ASPM
ENSG00000066468	FGFR2
ENSG00000066583	ISOC1
ENSG00000066629	EML1
ENSG00000066735	KIF26A
ENSG00000067225	PKM
ENSG00000067798	NAV3
ENSG00000067840	PDZD4
ENSG00000067992	PDK3
ENSG00000068078	FGFR3
ENSG00000068137	PLEKHH3
ENSG00000068489	PRR11
ENSG00000068615	REEP1
ENSG00000068831	RASGRP2
ENSG00000068971	PPP2R5B
ENSG00000069011	PITX1
ENSG00000069188	SDK2
ENSG00000069275	NUCKS1
ENSG00000069667	RORA
ENSG00000069702	TGFBR3
ENSG00000070159	PTPN3
ENSG00000070182	SPTB
ENSG00000070193	FGF10
ENSG00000070404	FSTL3
ENSG00000070669	ASNS
ENSG00000070808	CAMK2A
ENSG00000070831	CDC42
ENSG00000071073	MGAT4A
ENSG00000071082	RPL31
ENSG00000071205	ARHGAP10
ENSG00000071242	RPS6KA2
ENSG00000071537	SEL1L
ENSG00000071539	TRIP13
ENSG00000071967	CYBRD1
ENSG00000072071	ADGRL1
ENSG00000072110	ACTN1
ENSG00000072163	LIMS2
ENSG00000072210	ALDH3A2
ENSG00000072571	HMMR
ENSG00000072657	TRHDE
ENSG00000072736	NFATC3
ENSG00000072832	CRMP1
ENSG00000072864	NDE1
ENSG00000072952	MRVI1
ENSG00000072954	TMEM38A
ENSG00000073008	PVR
ENSG00000073150	PANX2
ENSG00000073331	ALPK1
ENSG00000073350	LLGL2
ENSG00000073464	CLCN4
ENSG00000073670	ADAM11
ENSG00000073711	PPP2R3A
ENSG00000073849	ST6GAL1
ENSG00000074211	PPP2R2C
ENSG00000074527	NTN4
ENSG00000074621	SLC24A1
ENSG00000074855	ANO8
ENSG00000074935	TUBE1
ENSG00000074966	TXK
ENSG00000075218	GTSE1
ENSG00000075223	SEMA3C
ENSG00000075340	ADD2
ENSG00000075618	FSCN1
ENSG00000075624	ACTB
ENSG00000076344	RGS11
ENSG00000076356	PLXNA2
ENSG00000076382	SPAG5
ENSG00000076513	ANKRD13A
ENSG00000076554	TPD52
ENSG00000076706	MCAM
ENSG00000076716	GPC4
ENSG00000076770	MBNL3
ENSG00000076826	CAMSAP3
ENSG00000076864	RAP1GAP
ENSG00000076944	STXBP2
ENSG00000077063	CTTNBP2
ENSG00000077092	RARB
ENSG00000077152	UBE2T
ENSG00000077264	PAK3
ENSG00000077348	EXOSC5
ENSG00000077522	ACTN2
ENSG00000077616	NAALAD2
ENSG00000077782	FGFR1
ENSG00000077942	FBLN1
ENSG00000078081	LAMP3
ENSG00000078098	FAP
ENSG00000078114	NEBL
ENSG00000078124	ACER3
ENSG00000078177	N4BP2
ENSG00000079102	RUNX1T1
ENSG00000079150	FKBP7
ENSG00000079156	OSBPL6
ENSG00000079215	SLC1A3
ENSG00000079257	LXN
ENSG00000079308	TNS1
ENSG00000079337	RAPGEF3
ENSG00000079931	MOXD1
ENSG00000080031	PTPRH
ENSG00000080493	SLC4A4
ENSG00000080709	KCNN2
ENSG00000080823	MOK
ENSG00000080854	IGSF9B
ENSG00000080986	NDC80
ENSG00000081052	COL4A4
ENSG00000081087	OSTM1
ENSG00000081181	ARG2
ENSG00000081803	CADPS2
ENSG00000081913	PHLPP1
ENSG00000082175	PGR
ENSG00000082269	FAM135A
ENSG00000082482	KCNK2
ENSG00000082516	GEMIN5
ENSG00000083720	OXCT1
ENSG00000083857	FAT1
ENSG00000084444	FAM234B
ENSG00000084710	EFR3B
ENSG00000085063	CD59
ENSG00000085117	CD82
ENSG00000085185	BCORL1
ENSG00000085231	AK6
ENSG00000085465	OVGP1
ENSG00000085563	ABCB1
ENSG00000085719	CPNE3
ENSG00000085831	TTC39A
ENSG00000085978	ATG16L1
ENSG00000085999	RAD54L
ENSG00000086289	EPDR1
ENSG00000086300	SNX10
ENSG00000086619	ERO1B
ENSG00000086696	HSD17B2
ENSG00000086848	ALG9
ENSG00000087085	ACHE
ENSG00000087086	FTL
ENSG00000087116	ADAMTS2
ENSG00000087245	MMP2
ENSG00000087258	GNAO1
ENSG00000087299	L2HGDH
ENSG00000087301	TXNDC16
ENSG00000087303	NID2
ENSG00000087494	PTHLH
ENSG00000087586	AURKA
ENSG00000088356	PDRG1
ENSG00000088387	DOCK9
ENSG00000088538	DOCK3
ENSG00000088756	ARHGAP28
ENSG00000088808	PPP1R13B
ENSG00000088826	SMOX
ENSG00000088832	FKBP1A
ENSG00000088836	SLC4A11
ENSG00000089057	SLC23A2
ENSG00000089127	OAS1
ENSG00000089225	TBX5
ENSG00000089486	CDIP1
ENSG00000089685	BIRC5
ENSG00000089723	OTUB2
ENSG00000089847	ANKRD24
ENSG00000090539	CHRD
ENSG00000090661	CERS4
ENSG00000090889	KIF4A
ENSG00000090932	DLL3
ENSG00000090975	PITPNM2
ENSG00000091106	NLRC4
ENSG00000091129	NRCAM
ENSG00000091136	LAMB1
ENSG00000091436	AC013461.1
ENSG00000091490	SEL1L3
ENSG00000091656	ZFHX4
ENSG00000091986	CCDC80
ENSG00000092208	GEMIN2
ENSG00000092421	SEMA6A
ENSG00000092445	TYRO3
ENSG00000092621	PHGDH
ENSG00000092820	EZR
ENSG00000092841	MYL6
ENSG00000092969	TGFB2
ENSG00000094804	CDC6
ENSG00000095015	MAP3K1
ENSG00000095203	EPB41L4B
ENSG00000095209	TMEM38B
ENSG00000095303	PTGS1
ENSG00000095383	TBC1D2
ENSG00000095397	WHRN
ENSG00000095637	SORBS1
ENSG00000095713	CRTAC1
ENSG00000095739	BAMBI
ENSG00000095752	IL11
ENSG00000095794	CREM
ENSG00000096060	FKBP5
ENSG00000096093	EFHC1
ENSG00000096696	DSP
ENSG00000097046	CDC7
ENSG00000099139	PCSK5
ENSG00000099204	ABLIM1
ENSG00000099250	NRP1
ENSG00000099282	TSPAN15
ENSG00000099284	H2AFY2
ENSG00000099377	HSD3B7
ENSG00000099622	CIRBP
ENSG00000099821	POLRMT
ENSG00000099860	GADD45B
ENSG00000099864	PALM
ENSG00000099889	ARVCF
ENSG00000099954	CECR2
ENSG00000099958	DERL3
ENSG00000100027	YPEL1
ENSG00000100031	GGT1
ENSG00000100036	SLC35E4
ENSG00000100065	CARD10
ENSG00000100077	GRK3
ENSG00000100078	PLA2G3
ENSG00000100097	LGALS1
ENSG00000100100	PIK3IP1
ENSG00000100106	TRIOBP
ENSG00000100147	CCDC134
ENSG00000100167	SEPT3
ENSG00000100181	TPTEP1
ENSG00000100196	KDELR3
ENSG00000100234	TIMP3
ENSG00000100263	RHBDD3
ENSG00000100285	NEFH
ENSG00000100290	BIK
ENSG00000100292	HMOX1
ENSG00000100297	MCM5
ENSG00000100316	RPL3
ENSG00000100321	SYNGR1
ENSG00000100335	MIEF1
ENSG00000100345	MYH9
ENSG00000100385	IL2RB
ENSG00000100526	CDKN3
ENSG00000100532	CGRRF1
ENSG00000100580	TMED8
ENSG00000100592	DAAM1
ENSG00000100600	LGMN
ENSG00000100605	ITPK1
ENSG00000100625	SIX4
ENSG00000100744	GSKIP
ENSG00000100784	RPS6KA5
ENSG00000100934	SEC23A
ENSG00000100968	NFATC4
ENSG00000101017	CD40
ENSG00000101096	NFATC2
ENSG00000101115	SALL4
ENSG00000101144	BMP7
ENSG00000101187	SLCO4A1
ENSG00000101210	EEF1A2
ENSG00000101224	CDC25B
ENSG00000101230	ISM1
ENSG00000101255	TRIB3
ENSG00000101265	RASSF2
ENSG00000101266	CSNK2A1
ENSG00000101310	SEC23B
ENSG00000101333	PLCB4
ENSG00000101335	MYL9
ENSG00000101347	SAMHD1
ENSG00000101384	JAG1
ENSG00000101412	E2F1
ENSG00000101417	PXMP4
ENSG00000101442	ACTR5
ENSG00000101460	MAP1LC3A
ENSG00000101574	METTL4
ENSG00000101624	CEP76
ENSG00000101638	ST8SIA5
ENSG00000101670	LIPG
ENSG00000101680	LAMA1
ENSG00000101695	RNF125
ENSG00000101773	RBBP8
ENSG00000101825	MXRA5
ENSG00000101843	PSMD10
ENSG00000101856	PGRMC1
ENSG00000101871	MID1
ENSG00000101938	CHRDL1
ENSG00000101955	SRPX
ENSG00000102024	PLS3
ENSG00000102032	RENBP
ENSG00000102043	MTMR8
ENSG00000102098	SCML2
ENSG00000102181	CD99L2
ENSG00000102189	EEA1
ENSG00000102287	GABRE
ENSG00000102317	RBM3
ENSG00000102349	KLF8
ENSG00000102393	GLA
ENSG00000102409	BEX4
ENSG00000102445	RUBCNL
ENSG00000102452	NALCN
ENSG00000102466	FGF14
ENSG00000102524	TNFSF13B
ENSG00000102554	KLF5
ENSG00000102678	FGF9
ENSG00000102683	SGCG
ENSG00000102760	RGCC
ENSG00000102837	OLFM4
ENSG00000102878	HSF4
ENSG00000102935	ZNF423
ENSG00000102996	MMP15
ENSG00000103024	NME3
ENSG00000103034	NDRG4
ENSG00000103152	MPG
ENSG00000103187	COTL1
ENSG00000103227	LMF1
ENSG00000103241	FOXF1
ENSG00000103257	SLC7A5
ENSG00000103319	EEF2K
ENSG00000103351	CLUAP1
ENSG00000103365	GGA2
ENSG00000103404	USP31
ENSG00000103460	TOX3
ENSG00000103472	RRN3P2
ENSG00000103528	SYT17
ENSG00000103876	FAH
ENSG00000103888	CEMIP
ENSG00000103942	HOMER2
ENSG00000104047	DTWD1
ENSG00000104267	CA2
ENSG00000104290	FZD3
ENSG00000104313	EYA1
ENSG00000104321	TRPA1
ENSG00000104325	DECR1
ENSG00000104361	NIPAL2
ENSG00000104368	PLAT
ENSG00000104369	JPH1
ENSG00000104413	ESRP1
ENSG00000104415	WISP1
ENSG00000104435	STMN2
ENSG00000104450	SPAG1
ENSG00000104490	NCALD
ENSG00000104611	SH2D4A
ENSG00000104635	SLC39A14
ENSG00000104643	MTMR9
ENSG00000104689	TNFRSF10A
ENSG00000104825	NFKBIB
ENSG00000104848	KCNA7
ENSG00000104881	PPP1R13L
ENSG00000104980	TIMM44
ENSG00000105173	CCNE1
ENSG00000105245	NUMBL
ENSG00000105255	FSD1
ENSG00000105270	CLIP3
ENSG00000105278	ZFR2
ENSG00000105357	MYH14
ENSG00000105409	ATP1A3
ENSG00000105447	GRWD1
ENSG00000105655	ISYNA1
ENSG00000105664	COMP
ENSG00000105677	TMEM147
ENSG00000105699	LSR
ENSG00000105755	ETHE1
ENSG00000105767	CADM4
ENSG00000105784	RUNDC3B
ENSG00000105792	CFAP69
ENSG00000105855	ITGB8
ENSG00000105865	DUS4L
ENSG00000105866	SP4
ENSG00000105894	PTN
ENSG00000105926	MPP6
ENSG00000105974	CAV1
ENSG00000105989	WNT2
ENSG00000105991	HOXA1
ENSG00000106025	TSPAN12
ENSG00000106078	COBL
ENSG00000106089	STX1A
ENSG00000106211	HSPB1
ENSG00000106236	NPTX2
ENSG00000106258	CYP3A5
ENSG00000106268	NUDT1
ENSG00000106327	TFR2
ENSG00000106333	PCOLCE
ENSG00000106351	AGFG2
ENSG00000106537	TSPAN13
ENSG00000106617	PRKAG2
ENSG00000106689	LHX2
ENSG00000106714	CNTNAP3
ENSG00000106723	SPIN1
ENSG00000106789	CORO2A
ENSG00000106804	C5
ENSG00000106809	OGN
ENSG00000106819	ASPN
ENSG00000106852	LHX6
ENSG00000106948	AKNA
ENSG00000106992	AK1
ENSG00000107099	DOCK8
ENSG00000107105	ELAVL2
ENSG00000107201	DDX58
ENSG00000107242	PIP5K1B
ENSG00000107338	SHB
ENSG00000107372	ZFAND5
ENSG00000107443	CCNJ
ENSG00000107485	GATA3
ENSG00000107518	ATRNL1
ENSG00000107554	DNMBP
ENSG00000107562	CXCL12
ENSG00000107611	CUBN
ENSG00000107796	ACTA2
ENSG00000107815	C10orf2
ENSG00000107829	FBXW4
ENSG00000107864	CPEB3
ENSG00000107954	NEURL1
ENSG00000107957	SH3PXD2A
ENSG00000107984	DKK1
ENSG00000108001	EBF3
ENSG00000108064	TFAM
ENSG00000108107	RPL28
ENSG00000108187	PBLD
ENSG00000108342	CSF3
ENSG00000108370	RGS9
ENSG00000108510	MED13
ENSG00000108559	NUP88
ENSG00000108639	SYNGR2
ENSG00000108671	PSMD11
ENSG00000108797	CNTNAP1
ENSG00000108813	DLX4
ENSG00000108821	COL1A1
ENSG00000108830	RND2
ENSG00000108852	MPP2
ENSG00000108932	SLC16A6
ENSG00000108950	FAM20A
ENSG00000108960	MMD
ENSG00000108984	MAP2K6
ENSG00000109062	SLC9A3R1
ENSG00000109063	MYH3
ENSG00000109099	PMP22
ENSG00000109133	TMEM33
ENSG00000109265	KIAA1211
ENSG00000109472	CPE
ENSG00000109674	NEIL3
ENSG00000109686	SH3D19
ENSG00000109738	GLRB
ENSG00000109794	FAM149A
ENSG00000109805	NCAPG
ENSG00000109819	PPARGC1A
ENSG00000109846	CRYAB
ENSG00000109861	CTSC
ENSG00000109881	CCDC34
ENSG00000109929	SC5D
ENSG00000109956	B3GAT1
ENSG00000110031	LPXN
ENSG00000110048	OSBP
ENSG00000110074	FOXRED1
ENSG00000110092	CCND1
ENSG00000110104	CCDC86
ENSG00000110107	PRPF19
ENSG00000110400	NECTIN1
ENSG00000110427	KIAA1549L
ENSG00000110435	PDHX
ENSG00000110492	MDK
ENSG00000110660	SLC35F2
ENSG00000110675	ELMOD1
ENSG00000110680	CALCA
ENSG00000110693	SOX6
ENSG00000110697	PITPNM1
ENSG00000110723	EXPH5
ENSG00000111052	LIN7A
ENSG00000111077	TNS2
ENSG00000111110	PPM1H
ENSG00000111181	SLC6A12
ENSG00000111186	WNT5B
ENSG00000111206	FOXM1
ENSG00000111231	GPN3
ENSG00000111262	KCNA1
ENSG00000111328	CDK2AP1
ENSG00000111331	OAS3
ENSG00000111335	OAS2
ENSG00000111424	VDR
ENSG00000111432	FZD10
ENSG00000111452	ADGRD1
ENSG00000111490	TBC1D30
ENSG00000111641	NOP2
ENSG00000111652	COPS7A
ENSG00000111665	CDCA3
ENSG00000111674	ENO2
ENSG00000111731	C2CD5
ENSG00000111788	RP11-22B23.1
ENSG00000111799	COL12A1
ENSG00000111846	GCNT2
ENSG00000111879	FAM184A
ENSG00000111886	GABRR2
ENSG00000111907	TPD52L1
ENSG00000111912	NCOA7
ENSG00000111913	FAM65B
ENSG00000111961	SASH1
ENSG00000111981	ULBP1
ENSG00000112118	MCM3
ENSG00000112139	MDGA1
ENSG00000112182	BACH2
ENSG00000112208	BAG2
ENSG00000112218	GPR63
ENSG00000112246	SIM1
ENSG00000112294	ALDH5A1
ENSG00000112297	AIM1
ENSG00000112306	RPS12
ENSG00000112319	EYA4
ENSG00000112378	PERP
ENSG00000112379	ARFGEF3
ENSG00000112394	SLC16A10
ENSG00000112414	ADGRG6
ENSG00000112541	PDE10A
ENSG00000112561	TFEB
ENSG00000112655	PTK7
ENSG00000112679	DUSP22
ENSG00000112697	TMEM30A
ENSG00000112715	VEGFA
ENSG00000112742	TTK
ENSG00000112759	SLC29A1
ENSG00000112769	LAMA4
ENSG00000112902	SEMA5A
ENSG00000112964	GHR
ENSG00000112984	KIF20A
ENSG00000113013	HSPA9
ENSG00000113070	HBEGF
ENSG00000113083	LOX
ENSG00000113140	SPARC
ENSG00000113231	PDE8B
ENSG00000113300	CNOT6
ENSG00000113328	CCNG1
ENSG00000113356	POLR3G
ENSG00000113361	CDH6
ENSG00000113389	NPR3
ENSG00000113396	SLC27A6
ENSG00000113430	IRX4
ENSG00000113448	PDE4D
ENSG00000113494	PRLR
ENSG00000113504	SLC12A7
ENSG00000113552	GNPDA1
ENSG00000113578	FGF1
ENSG00000113594	LIFR
ENSG00000113595	TRIM23
ENSG00000113615	SEC24A
ENSG00000113645	WWC1
ENSG00000113657	DPYSL3
ENSG00000113721	PDGFRB
ENSG00000113742	CPEB4
ENSG00000113758	DBN1
ENSG00000113805	CNTN3
ENSG00000113810	SMC4
ENSG00000113811	SELK
ENSG00000113971	NPHP3
ENSG00000114125	RNF7
ENSG00000114251	WNT5A
ENSG00000114268	PFKFB4
ENSG00000114270	COL7A1
ENSG00000114315	HES1
ENSG00000114353	GNAI2
ENSG00000114391	RPL24
ENSG00000114446	IFT57
ENSG00000114480	GBE1
ENSG00000114520	SNX4
ENSG00000114529	C3orf52
ENSG00000114541	FRMD4B
ENSG00000114631	PODXL2
ENSG00000114648	KLHL18
ENSG00000114670	NEK11
ENSG00000114698	PLSCR4
ENSG00000114767	RRP9
ENSG00000114784	EIF1B
ENSG00000114790	ARHGEF26
ENSG00000114805	PLCH1
ENSG00000114859	CLCN2
ENSG00000115008	IL1A
ENSG00000115009	CCL20
ENSG00000115091	ACTR3
ENSG00000115109	EPB41L5
ENSG00000115112	TFCP2L1
ENSG00000115129	TP53I3
ENSG00000115163	CENPA
ENSG00000115194	SLC30A3
ENSG00000115232	ITGA4
ENSG00000115267	IFIH1
ENSG00000115268	RPS15
ENSG00000115271	GCA
ENSG00000115310	RTN4
ENSG00000115317	HTRA2
ENSG00000115318	LOXL3
ENSG00000115339	GALNT3
ENSG00000115380	EFEMP1
ENSG00000115414	FN1
ENSG00000115423	DNAH6
ENSG00000115457	IGFBP2
ENSG00000115461	IGFBP5
ENSG00000115468	EFHD1
ENSG00000115594	IL1R1
ENSG00000115604	IL18R1
ENSG00000115641	FHL2
ENSG00000115649	CNPPD1
ENSG00000115738	ID2
ENSG00000115758	ODC1
ENSG00000115844	DLX2
ENSG00000115884	SDC1
ENSG00000115896	PLCL1
ENSG00000115902	SLC1A4
ENSG00000115946	PNO1
ENSG00000115963	RND3
ENSG00000116005	PCYOX1
ENSG00000116096	SPR
ENSG00000116106	EPHA4
ENSG00000116132	PRRX1
ENSG00000116141	MARK1
ENSG00000116151	MORN1
ENSG00000116191	RALGPS2
ENSG00000116194	ANGPTL1
ENSG00000116254	CHD5
ENSG00000116285	ERRFI1
ENSG00000116514	RNF19B
ENSG00000116574	RHOU
ENSG00000116652	DLEU2L
ENSG00000116675	DNAJC6
ENSG00000116678	LEPR
ENSG00000116679	IVNS1ABP
ENSG00000116691	MIIP
ENSG00000116701	NCF2
ENSG00000116711	PLA2G4A
ENSG00000116747	TROVE2
ENSG00000116761	CTH
ENSG00000116774	OLFML3
ENSG00000116819	TFAP2E
ENSG00000116833	NR5A2
ENSG00000116852	KIF21B
ENSG00000116922	C1orf109
ENSG00000116983	HPCAL4
ENSG00000116990	MYCL
ENSG00000116991	SIPA1L2
ENSG00000117016	RIMS3
ENSG00000117114	ADGRL2
ENSG00000117242	PINK1-AS
ENSG00000117266	CDK18
ENSG00000117280	RAB29
ENSG00000117281	CD160
ENSG00000117318	ID3
ENSG00000117399	CDC20
ENSG00000117410	ATP6V0B
ENSG00000117461	PIK3R3
ENSG00000117479	SLC19A2
ENSG00000117480	FAAH
ENSG00000117519	CNN3
ENSG00000117525	F3
ENSG00000117533	VAMP4
ENSG00000117592	PRDX6
ENSG00000117595	IRF6
ENSG00000117600	PLPPR4
ENSG00000117650	NEK2
ENSG00000117676	RPS6KA1
ENSG00000117707	PROX1
ENSG00000117724	CENPF
ENSG00000117748	RPA2
ENSG00000118193	KIF14
ENSG00000118276	B4GALT6
ENSG00000118402	ELOVL4
ENSG00000118407	FILIP1
ENSG00000118473	SGIP1
ENSG00000118515	SGK1
ENSG00000118523	CTGF
ENSG00000118526	TCF21
ENSG00000118707	TGIF2
ENSG00000118777	ABCG2
ENSG00000118898	PPL
ENSG00000118946	PCDH17
ENSG00000118971	CCND2
ENSG00000118985	ELL2
ENSG00000118997	DNAH7
ENSG00000119004	CYP20A1
ENSG00000119121	TRPM6
ENSG00000119125	GDA
ENSG00000119318	RAD23B
ENSG00000119403	PHF19
ENSG00000119408	NEK6
ENSG00000119411	BSPRY
ENSG00000119431	HDHD3
ENSG00000119471	HSDL2
ENSG00000119508	NR4A3
ENSG00000119523	ALG2
ENSG00000119547	ONECUT2
ENSG00000119616	FCF1
ENSG00000119636	BBOF1
ENSG00000119638	NEK9
ENSG00000119681	LTBP2
ENSG00000119686	FLVCR2
ENSG00000119698	PPP4R4
ENSG00000119711	ALDH6A1
ENSG00000119771	KLHL29
ENSG00000119862	LGALSL
ENSG00000119865	CNRIP1
ENSG00000119888	EPCAM
ENSG00000119917	IFIT3
ENSG00000119922	IFIT2
ENSG00000119938	PPP1R3C
ENSG00000119943	PYROXD2
ENSG00000119946	CNNM1
ENSG00000120053	GOT1
ENSG00000120137	PANK3
ENSG00000120156	TEK
ENSG00000120158	RCL1
ENSG00000120162	MOB3B
ENSG00000120217	CD274
ENSG00000120256	LRP11
ENSG00000120594	PLXDC2
ENSG00000120685	PROSER1
ENSG00000120694	HSPH1
ENSG00000120708	TGFBI
ENSG00000120738	EGR1
ENSG00000120756	PLS1
ENSG00000120820	GLT8D2
ENSG00000120860	CCDC53
ENSG00000120875	DUSP4
ENSG00000121057	AKAP1
ENSG00000121068	TBX2
ENSG00000121104	FAM117A
ENSG00000121152	NCAPH
ENSG00000121440	PDZRN3
ENSG00000121621	KIF18A
ENSG00000121691	CAT
ENSG00000121743	GJA3
ENSG00000121851	POLR3GL
ENSG00000121895	TMEM156
ENSG00000121898	CPXM2
ENSG00000121966	CXCR4
ENSG00000122035	RASL11A
ENSG00000122126	OCRL
ENSG00000122203	KIAA1191
ENSG00000122378	FAM213A
ENSG00000122406	RPL5
ENSG00000122420	PTGFR
ENSG00000122432	SPATA1
ENSG00000122483	CCDC18
ENSG00000122591	FAM126A
ENSG00000122642	FKBP9
ENSG00000122644	ARL4A
ENSG00000122678	POLM
ENSG00000122707	RECK
ENSG00000122728	TAF1L
ENSG00000122756	CNTFR
ENSG00000122786	CALD1
ENSG00000122824	NUDT10
ENSG00000122870	BICC1
ENSG00000122952	ZWINT
ENSG00000122966	CIT
ENSG00000122970	IFT81
ENSG00000123096	SSPN
ENSG00000123191	ATP7B
ENSG00000123240	OPTN
ENSG00000123329	ARHGAP9
ENSG00000123358	NR4A1
ENSG00000123384	LRP1
ENSG00000123485	HJURP
ENSG00000123505	AMD1
ENSG00000123545	NDUFAF4
ENSG00000123572	NRK
ENSG00000124006	OBSL1
ENSG00000124091	GCNT7
ENSG00000124098	FAM210B
ENSG00000124126	PREX1
ENSG00000124134	KCNS1
ENSG00000124171	PARD6B
ENSG00000124212	PTGIS
ENSG00000124216	SNAI1
ENSG00000124225	PMEPA1
ENSG00000124243	BCAS4
ENSG00000124275	MTRR
ENSG00000124374	PAIP2B
ENSG00000124406	ATP8A1
ENSG00000124440	HIF3A
ENSG00000124466	LYPD3
ENSG00000124493	GRM4
ENSG00000124496	TRERF1
ENSG00000124508	BTN2A2
ENSG00000124575	HIST1H1D
ENSG00000124613	ZNF391
ENSG00000124641	MED20
ENSG00000124659	TBCC
ENSG00000124688	MAD2L1BP
ENSG00000124749	COL21A1
ENSG00000124785	NRN1
ENSG00000124920	MYRF
ENSG00000124942	AHNAK
ENSG00000125089	SH3TC1
ENSG00000125148	MT2A
ENSG00000125257	ABCC4
ENSG00000125266	EFNB2
ENSG00000125378	BMP4
ENSG00000125384	PTGER2
ENSG00000125430	HS3ST3B1
ENSG00000125520	SLC2A4RG
ENSG00000125534	PPDPF
ENSG00000125538	IL1B
ENSG00000125629	INSIG2
ENSG00000125637	PSD4
ENSG00000125657	TNFSF9
ENSG00000125675	GRIA3
ENSG00000125691	RPL23
ENSG00000125730	C3
ENSG00000125731	SH2D3A
ENSG00000125734	GPR108
ENSG00000125814	NAPB
ENSG00000125834	STK35
ENSG00000125841	NRSN2
ENSG00000125843	AP5S1
ENSG00000125845	BMP2
ENSG00000125868	DSTN
ENSG00000125965	GDF5
ENSG00000126003	PLAGL2
ENSG00000126005	MMP24-AS1
ENSG00000126218	F10
ENSG00000126247	CAPNS1
ENSG00000126368	NR1D1
ENSG00000126453	BCL2L12
ENSG00000126709	IFI6
ENSG00000126778	SIX1
ENSG00000126787	DLGAP5
ENSG00000126821	SGPP1
ENSG00000126822	PLEKHG3
ENSG00000126860	EVI2A
ENSG00000126878	AIF1L
ENSG00000126882	FAM78A
ENSG00000126950	TMEM35A
ENSG00000127083	OMD
ENSG00000127241	MASP1
ENSG00000127328	RAB3IP
ENSG00000127329	PTPRB
ENSG00000127364	TAS2R4
ENSG00000127399	LRRC61
ENSG00000127585	FBXL16
ENSG00000127589	TUBBP1
ENSG00000127666	TICAM1
ENSG00000127863	TNFRSF19
ENSG00000127920	GNG11
ENSG00000128045	RASL11B
ENSG00000128165	ADM2
ENSG00000128203	ASPHD2
ENSG00000128228	SDF2L1
ENSG00000128268	MGAT3
ENSG00000128274	A4GALT
ENSG00000128283	CDC42EP1
ENSG00000128342	LIF
ENSG00000128510	CPA4
ENSG00000128524	ATP6V1F
ENSG00000128536	CDHR3
ENSG00000128578	STRIP2
ENSG00000128590	DNAJB9
ENSG00000128604	IRF5
ENSG00000128606	LRRC17
ENSG00000128626	MRPS12
ENSG00000128641	MYO1B
ENSG00000128656	CHN1
ENSG00000128714	HOXD13
ENSG00000128791	TWSG1
ENSG00000128805	ARHGAP22
ENSG00000128829	EIF2AK4
ENSG00000128833	MYO5C
ENSG00000128849	CGNL1
ENSG00000128917	DLL4
ENSG00000128918	ALDH1A2
ENSG00000128965	CHAC1
ENSG00000129009	ISLR
ENSG00000129038	LOXL1
ENSG00000129048	ACKR4
ENSG00000129103	SUMF2
ENSG00000129116	PALLD
ENSG00000129173	E2F8
ENSG00000129195	FAM64A
ENSG00000129235	TXNDC17
ENSG00000129245	FXR2
ENSG00000129422	MTUS1
ENSG00000129514	FOXA1
ENSG00000129521	EGLN3
ENSG00000129595	EPB41L4A
ENSG00000129667	RHBDF2
ENSG00000129932	DOHH
ENSG00000129946	SHC2
ENSG00000130023	ERMARD
ENSG00000130032	PRRG3
ENSG00000130038	CRACR2A
ENSG00000130158	DOCK6
ENSG00000130203	APOE
ENSG00000130255	RPL36
ENSG00000130270	ATP8B3
ENSG00000130294	KIF1A
ENSG00000130304	SLC27A1
ENSG00000130396	AFDN
ENSG00000130429	ARPC1B
ENSG00000130477	UNC13A
ENSG00000130508	PXDN
ENSG00000130513	GDF15
ENSG00000130518	KIAA1683
ENSG00000130540	SULT4A1
ENSG00000130584	ZBTB46
ENSG00000130635	COL5A1
ENSG00000130675	MNX1
ENSG00000130702	LAMA5
ENSG00000130758	MAP3K10
ENSG00000130762	ARHGEF16
ENSG00000130766	SESN2
ENSG00000130775	THEMIS2
ENSG00000130787	HIP1R
ENSG00000130821	SLC6A8
ENSG00000130940	CASZ1
ENSG00000131015	ULBP2
ENSG00000131080	EDA2R
ENSG00000131171	SH3BGRL
ENSG00000131196	NFATC1
ENSG00000131242	RAB11FIP4
ENSG00000131370	SH3BP5
ENSG00000131373	HACL1
ENSG00000131378	RFTN1
ENSG00000131480	AOC2
ENSG00000131620	ANO1
ENSG00000131724	IL13RA1
ENSG00000131747	TOP2A
ENSG00000131788	PIAS3
ENSG00000131797	CLUHP3
ENSG00000131931	THAP1
ENSG00000131941	RHPN2
ENSG00000131979	GCH1
ENSG00000131981	LGALS3
ENSG00000132002	DNAJB1
ENSG00000132005	RFX1
ENSG00000132016	C19orf57
ENSG00000132017	DCAF15
ENSG00000132031	MATN3
ENSG00000132141	CCT6B
ENSG00000132182	NUP210
ENSG00000132334	PTPRE
ENSG00000132359	RAP1GAP2
ENSG00000132361	CLUH
ENSG00000132386	SERPINF1
ENSG00000132561	MATN2
ENSG00000132603	NIP7
ENSG00000132622	HSPA12B
ENSG00000132623	ANKEF1
ENSG00000132661	NXT1
ENSG00000132669	RIN2
ENSG00000132680	KIAA0907
ENSG00000132688	NES
ENSG00000132768	DPH2
ENSG00000132781	MUTYH
ENSG00000132801	ZSWIM3
ENSG00000132819	RBM38
ENSG00000132849	PATJ
ENSG00000133019	CHRM3
ENSG00000133048	CHI3L1
ENSG00000133065	SLC41A1
ENSG00000133069	TMCC2
ENSG00000133083	DCLK1
ENSG00000133101	CCNA1
ENSG00000133110	POSTN
ENSG00000133111	RFXAP
ENSG00000133112	TPT1
ENSG00000133116	KL
ENSG00000133131	MORC4
ENSG00000133134	BEX2
ENSG00000133216	EPHB2
ENSG00000133401	PDZD2
ENSG00000133477	FAM83F
ENSG00000133597	ADCK2
ENSG00000133687	TMTC1
ENSG00000133740	E2F5
ENSG00000133773	CCDC59
ENSG00000133794	ARNTL
ENSG00000133812	SBF2
ENSG00000133818	RRAS2
ENSG00000133863	TEX15
ENSG00000133874	RNF122
ENSG00000133943	C14orf159
ENSG00000133985	TTC9
ENSG00000134013	LOXL2
ENSG00000134057	CCNB1
ENSG00000134070	IRAK2
ENSG00000134107	BHLHE40
ENSG00000134138	MEIS2
ENSG00000134146	DPH6
ENSG00000134184	GSTM1
ENSG00000134198	TSPAN2
ENSG00000134201	GSTM5
ENSG00000134215	VAV3
ENSG00000134222	PSRC1
ENSG00000134245	WNT2B
ENSG00000134297	PLEKHA8P1
ENSG00000134321	RSAD2
ENSG00000134324	LPIN1
ENSG00000134326	CMPK2
ENSG00000134330	IAH1
ENSG00000134363	FST
ENSG00000134369	NAV1
ENSG00000134548	SPX
ENSG00000134590	FAM127A
ENSG00000134602	STK26
ENSG00000134627	PIWIL4
ENSG00000134668	SPOCD1
ENSG00000134690	CDCA8
ENSG00000134709	HOOK1
ENSG00000134716	CYP2J2
ENSG00000134755	DSC2
ENSG00000134758	RNF138
ENSG00000134762	DSC3
ENSG00000134802	SLC43A3
ENSG00000134809	TIMM10
ENSG00000134853	PDGFRA
ENSG00000134909	ARHGAP32
ENSG00000134955	SLC37A2
ENSG00000134986	NREP
ENSG00000135002	RFK
ENSG00000135045	C9orf40
ENSG00000135046	ANXA1
ENSG00000135049	AGTPBP1
ENSG00000135063	FAM189A2
ENSG00000135069	PSAT1
ENSG00000135074	ADAM19
ENSG00000135083	CCNJL
ENSG00000135097	MSI1
ENSG00000135111	TBX3
ENSG00000135114	OASL
ENSG00000135116	HRK
ENSG00000135127	BICDL1
ENSG00000135241	PNPLA8
ENSG00000135272	MDFIC
ENSG00000135299	ANKRD6
ENSG00000135362	PRR5L
ENSG00000135363	LMO2
ENSG00000135373	EHF
ENSG00000135378	PRRG4
ENSG00000135404	CD63
ENSG00000135451	TROAP
ENSG00000135454	B4GALNT1
ENSG00000135472	FAIM2
ENSG00000135476	ESPL1
ENSG00000135486	HNRNPA1
ENSG00000135519	KCNH3
ENSG00000135604	STX11
ENSG00000135605	TEC
ENSG00000135636	DYSF
ENSG00000135744	AGT
ENSG00000135750	KCNK1
ENSG00000135763	URB2
ENSG00000135828	RNASEL
ENSG00000135838	NPL
ENSG00000135862	LAMC1
ENSG00000135905	DOCK10
ENSG00000135919	SERPINE2
ENSG00000135931	ARMC9
ENSG00000135953	MFSD9
ENSG00000136002	ARHGEF4
ENSG00000136014	USP44
ENSG00000136026	CKAP4
ENSG00000136044	APPL2
ENSG00000136048	DRAM1
ENSG00000136052	SLC41A2
ENSG00000136114	THSD1
ENSG00000136149	RPL13AP25
ENSG00000136153	LMO7
ENSG00000136160	EDNRB
ENSG00000136167	LCP1
ENSG00000136197	C7orf25
ENSG00000136205	TNS3
ENSG00000136231	IGF2BP3
ENSG00000136235	GPNMB
ENSG00000136244	IL6
ENSG00000136261	BZW2
ENSG00000136319	TTC5
ENSG00000136367	ZFHX2
ENSG00000136379	ABHD17C
ENSG00000136383	ALPK3
ENSG00000136404	TM6SF1
ENSG00000136425	CIB2
ENSG00000136531	SCN2A
ENSG00000136542	GALNT5
ENSG00000136574	GATA4
ENSG00000136630	HLX
ENSG00000136720	HS6ST1
ENSG00000136770	DNAJC1
ENSG00000136859	ANGPTL2
ENSG00000136869	TLR4
ENSG00000136928	GABBR2
ENSG00000136932	TRMO
ENSG00000136938	ANP32B
ENSG00000136943	CTSV
ENSG00000136944	LMX1B
ENSG00000136960	ENPP2
ENSG00000136982	DSCC1
ENSG00000136997	MYC
ENSG00000136999	NOV
ENSG00000137142	IGFBPL1
ENSG00000137154	RPS6
ENSG00000137166	FOXP4
ENSG00000137168	PPIL1
ENSG00000137193	PIM1
ENSG00000137203	TFAP2A
ENSG00000137261	KIAA0319
ENSG00000137265	IRF4
ENSG00000137266	SLC22A23
ENSG00000137273	FOXF2
ENSG00000137285	TUBB2B
ENSG00000137393	RNF144B
ENSG00000137462	TLR2
ENSG00000137496	IL18BP
ENSG00000137501	SYTL2
ENSG00000137502	RAB30
ENSG00000137561	TTPA
ENSG00000137573	SULF1
ENSG00000137752	CASP1
ENSG00000137801	THBS1
ENSG00000137802	MAPKBP1
ENSG00000137807	KIF23
ENSG00000137812	KNL1
ENSG00000137831	UACA
ENSG00000137845	ADAM10
ENSG00000137877	SPTBN5
ENSG00000137941	TTLL7
ENSG00000137942	FNBP1L
ENSG00000137959	IFI44L
ENSG00000137962	ARHGAP29
ENSG00000138002	IFT172
ENSG00000138018	EPT1
ENSG00000138028	CGREF1
ENSG00000138032	PPM1B
ENSG00000138035	PNPT1
ENSG00000138061	CYP1B1
ENSG00000138073	PREB
ENSG00000138074	SLC5A6
ENSG00000138111	MFSD13A
ENSG00000138119	MYOF
ENSG00000138131	LOXL4
ENSG00000138134	STAMBPL1
ENSG00000138160	KIF11
ENSG00000138166	DUSP5
ENSG00000138172	CALHM2
ENSG00000138180	CEP55
ENSG00000138182	KIF20B
ENSG00000138207	RBP4
ENSG00000138316	ADAMTS14
ENSG00000138347	MYPN
ENSG00000138378	STAT4
ENSG00000138395	CDK15
ENSG00000138399	FASTKD1
ENSG00000138439	FAM117B
ENSG00000138448	ITGAV
ENSG00000138594	TMOD3
ENSG00000138617	PARP16
ENSG00000138622	HCN4
ENSG00000138642	HERC6
ENSG00000138646	HERC5
ENSG00000138650	PCDH10
ENSG00000138660	AP1AR
ENSG00000138670	RASGEF1B
ENSG00000138675	FGF5
ENSG00000138678	GPAT3
ENSG00000138696	BMPR1B
ENSG00000138709	LARP1B
ENSG00000138735	PDE5A
ENSG00000138744	NAAA
ENSG00000138758	SEPT11
ENSG00000138769	CDKL2
ENSG00000138771	SHROOM3
ENSG00000138772	ANXA3
ENSG00000138778	CENPE
ENSG00000138780	GSTCD
ENSG00000138821	SLC39A8
ENSG00000138829	FBN2
ENSG00000138944	KIAA1644
ENSG00000139044	B4GALNT3
ENSG00000139116	KIF21A
ENSG00000139117	CPNE8
ENSG00000139146	FAM60A
ENSG00000139178	C1RL
ENSG00000139209	SLC38A4
ENSG00000139219	COL2A1
ENSG00000139263	LRIG3
ENSG00000139266	MARCH9
ENSG00000139269	INHBE
ENSG00000139278	GLIPR1
ENSG00000139289	PHLDA1
ENSG00000139304	PTPRQ
ENSG00000139318	DUSP6
ENSG00000139329	LUM
ENSG00000139364	TMEM132B
ENSG00000139428	MMAB
ENSG00000139436	GIT2
ENSG00000139438	FAM222A
ENSG00000139496	NUP58
ENSG00000139508	SLC46A3
ENSG00000139514	SLC7A1
ENSG00000139517	LNX2
ENSG00000139620	KANSL2
ENSG00000139629	GALNT6
ENSG00000139636	LMBR1L
ENSG00000139679	LPAR6
ENSG00000139737	SLAIN1
ENSG00000139800	ZIC5
ENSG00000139874	SSTR1
ENSG00000139899	CBLN3
ENSG00000139910	NOVA1
ENSG00000139926	FRMD6
ENSG00000139974	SLC38A6
ENSG00000139977	NAA30
ENSG00000140009	ESR2
ENSG00000140022	STON2
ENSG00000140092	FBLN5
ENSG00000140262	TCF12
ENSG00000140284	SLC27A2
ENSG00000140285	FGF7
ENSG00000140320	BAHD1
ENSG00000140332	TLE3
ENSG00000140367	UBE2Q2
ENSG00000140403	DNAJA4
ENSG00000140416	TPM1
ENSG00000140451	PIF1
ENSG00000140474	ULK3
ENSG00000140557	ST8SIA2
ENSG00000140600	SH3GL3
ENSG00000140612	SEC11A
ENSG00000140682	TGFB1I1
ENSG00000140830	TXNL4B
ENSG00000140854	KATNB1
ENSG00000140937	CDH11
ENSG00000141012	GALNS
ENSG00000141198	TOM1L1
ENSG00000141338	ABCA8
ENSG00000141384	TAF4B
ENSG00000141404	GNAL
ENSG00000141433	ADCYAP1
ENSG00000141441	GAREM1
ENSG00000141447	OSBPL1A
ENSG00000141448	GATA6
ENSG00000141449	GREB1L
ENSG00000141452	C18orf8
ENSG00000141469	SLC14A1
ENSG00000141524	TMC6
ENSG00000141540	TTYH2
ENSG00000141552	ANAPC11
ENSG00000141570	CBX8
ENSG00000141576	RNF157
ENSG00000141582	CBX4
ENSG00000141642	ELAC1
ENSG00000141655	TNFRSF11A
ENSG00000141664	ZCCHC2
ENSG00000141682	PMAIP1
ENSG00000141738	GRB7
ENSG00000141750	STAC2
ENSG00000141753	IGFBP4
ENSG00000141756	FKBP10
ENSG00000141854	MISP3
ENSG00000141858	SAMD1
ENSG00000141905	NFIC
ENSG00000141934	PLPP2
ENSG00000142046	TMEM91
ENSG00000142065	ZFP14
ENSG00000142149	HUNK
ENSG00000142178	SIK1
ENSG00000142192	APP
ENSG00000142197	DOPEY2
ENSG00000142227	EMP3
ENSG00000142303	ADAMTS10
ENSG00000142409	ZNF787
ENSG00000142528	ZNF473
ENSG00000142530	FAM71E1
ENSG00000142541	RPL13A
ENSG00000142552	RCN3
ENSG00000142627	EPHA2
ENSG00000142669	SH3BGRL3
ENSG00000142733	MAP3K6
ENSG00000142794	NBPF3
ENSG00000142798	HSPG2
ENSG00000142871	CYR61
ENSG00000142910	TINAGL1
ENSG00000142937	RPS8
ENSG00000142945	KIF2C
ENSG00000143013	LMO4
ENSG00000143033	MTF2
ENSG00000143061	IGSF3
ENSG00000143126	CELSR2
ENSG00000143162	CREG1
ENSG00000143190	POU2F1
ENSG00000143195	ILDR2
ENSG00000143196	DPT
ENSG00000143228	NUF2
ENSG00000143320	CRABP2
ENSG00000143333	RGS16
ENSG00000143375	CGN
ENSG00000143387	CTSK
ENSG00000143390	RFX5
ENSG00000143416	SELENBP1
ENSG00000143458	GABPB2
ENSG00000143493	INTS7
ENSG00000143498	TAF1A
ENSG00000143507	DUSP10
ENSG00000143545	RAB13
ENSG00000143554	SLC27A3
ENSG00000143641	GALNT2
ENSG00000143674	RP5-862P8.2
ENSG00000143751	SDE2
ENSG00000143816	WNT9A
ENSG00000143850	PLEKHA6
ENSG00000143862	ARL8A
ENSG00000143878	RHOB
ENSG00000143995	MEIS1
ENSG00000144057	ST6GAL2
ENSG00000144061	NPHP1
ENSG00000144152	FBLN7
ENSG00000144218	AFF3
ENSG00000144228	SPOPL
ENSG00000144278	GALNT13
ENSG00000144354	CDCA7
ENSG00000144455	SUMF1
ENSG00000144485	HES6
ENSG00000144559	TAMM41
ENSG00000144583	MARCH4
ENSG00000144597	EAF1
ENSG00000144642	RBMS3
ENSG00000144647	POMGNT2
ENSG00000144655	CSRNP1
ENSG00000144681	STAC
ENSG00000144730	IL17RD
ENSG00000144746	ARL6IP5
ENSG00000144810	COL8A1
ENSG00000144843	ADPRH
ENSG00000144868	TMEM108
ENSG00000144891	AGTR1
ENSG00000144893	MED12L
ENSG00000145014	TMEM44
ENSG00000145016	RUBCN
ENSG00000145050	MANF
ENSG00000145147	SLIT2
ENSG00000145194	ECE2
ENSG00000145216	FIP1L1
ENSG00000145220	LYAR
ENSG00000145242	EPHA5
ENSG00000145244	CORIN
ENSG00000145247	OCIAD2
ENSG00000145248	SLC10A4
ENSG00000145332	KLHL8
ENSG00000145349	CAMK2D
ENSG00000145354	CISD2
ENSG00000145358	DDIT4L
ENSG00000145386	CCNA2
ENSG00000145390	USP53
ENSG00000145414	NAF1
ENSG00000145425	RPS3A
ENSG00000145431	PDGFC
ENSG00000145506	NKD2
ENSG00000145569	FAM105A
ENSG00000145623	OSMR
ENSG00000145703	IQGAP2
ENSG00000145708	CRHBP
ENSG00000145730	PAM
ENSG00000145777	TSLP
ENSG00000145779	TNFAIP8
ENSG00000145794	MEGF10
ENSG00000145990	GFOD1
ENSG00000146006	LRRTM2
ENSG00000146054	TRIM7
ENSG00000146083	RNF44
ENSG00000146267	FAXC
ENSG00000146376	ARHGAP18
ENSG00000146409	SLC18B1
ENSG00000146410	MTFR2
ENSG00000146648	EGFR
ENSG00000146674	IGFBP3
ENSG00000146707	POMZP3
ENSG00000146826	C7orf43
ENSG00000146918	NCAPG2
ENSG00000146966	DENND2A
ENSG00000147027	TMEM47
ENSG00000147036	LANCL3
ENSG00000147100	SLC16A2
ENSG00000147145	LPAR4
ENSG00000147164	SNX12
ENSG00000147180	ZNF711
ENSG00000147231	CXorf57
ENSG00000147251	DOCK11
ENSG00000147324	MFHAS1
ENSG00000147400	CETN2
ENSG00000147403	RPL10
ENSG00000147408	CSGALNACT1
ENSG00000147416	ATP6V1B2
ENSG00000147475	ERLIN2
ENSG00000147573	TRIM55
ENSG00000147604	RPL7
ENSG00000147642	SYBU
ENSG00000147676	MAL2
ENSG00000147687	TATDN1
ENSG00000147852	VLDLR
ENSG00000147894	C9orf72
ENSG00000148200	NR6A1
ENSG00000148225	WDR31
ENSG00000148331	ASB6
ENSG00000148426	PROSER2
ENSG00000148484	RSU1
ENSG00000148516	ZEB1
ENSG00000148634	HERC4
ENSG00000148677	ANKRD1
ENSG00000148680	HTR7
ENSG00000148700	ADD3
ENSG00000148773	MKI67
ENSG00000148798	INA
ENSG00000148835	TAF5
ENSG00000148848	ADAM12
ENSG00000148908	RGS10
ENSG00000149089	APIP
ENSG00000149090	PAMR1
ENSG00000149212	SESN3
ENSG00000149256	TENM4
ENSG00000149257	SERPINH1
ENSG00000149292	TTC12
ENSG00000149294	NCAM1
ENSG00000149380	P4HA3
ENSG00000149451	ADAM33
ENSG00000149571	KIRREL3
ENSG00000149591	TAGLN
ENSG00000149792	MRPL49
ENSG00000149948	HMGA2
ENSG00000149968	MMP3
ENSG00000149970	CNKSR2
ENSG00000150054	MPP7
ENSG00000150093	ITGB1
ENSG00000150281	CTF1
ENSG00000150347	ARID5B
ENSG00000150510	FAM124A
ENSG00000150540	HNMT
ENSG00000150627	WDR17
ENSG00000150636	CCDC102B
ENSG00000150687	PRSS23
ENSG00000150756	FAM173B
ENSG00000150760	DOCK1
ENSG00000150907	FOXO1
ENSG00000150938	CRIM1
ENSG00000150995	ITPR1
ENSG00000151117	TMEM86A
ENSG00000151136	BTBD11
ENSG00000151150	ANK3
ENSG00000151151	IPMK
ENSG00000151229	SLC2A13
ENSG00000151233	GXYLT1
ENSG00000151320	AKAP6
ENSG00000151388	ADAMTS12
ENSG00000151413	NUBPL
ENSG00000151414	NEK7
ENSG00000151498	ACAD8
ENSG00000151532	VTI1A
ENSG00000151623	NR3C2
ENSG00000151632	AKR1C2
ENSG00000151702	FLI1
ENSG00000151726	ACSL1
ENSG00000151748	SAV1
ENSG00000151834	GABRA2
ENSG00000151835	SACS
ENSG00000151883	PARP8
ENSG00000151914	DST
ENSG00000151917	BEND6
ENSG00000152078	TMEM56
ENSG00000152137	HSPB8
ENSG00000152192	POU4F1
ENSG00000152242	C18orf25
ENSG00000152253	SPC25
ENSG00000152270	PDE3B
ENSG00000152377	SPOCK1
ENSG00000152380	FAM151B
ENSG00000152413	HOMER1
ENSG00000152455	SUV39H2
ENSG00000152463	OLAH
ENSG00000152465	NMT2
ENSG00000152495	CAMK4
ENSG00000152503	TRIM36
ENSG00000152518	ZFP36L2
ENSG00000152582	SPEF2
ENSG00000152642	GPD1L
ENSG00000152661	GJA1
ENSG00000152760	TCTEX1D1
ENSG00000152779	SLC16A12
ENSG00000152894	PTPRK
ENSG00000152926	ZNF117
ENSG00000153012	LGI2
ENSG00000153071	DAB2
ENSG00000153094	BCL2L11
ENSG00000153132	CLGN
ENSG00000153162	BMP6
ENSG00000153208	MERTK
ENSG00000153234	NR4A2
ENSG00000153246	PLA2R1
ENSG00000153253	SCN3A
ENSG00000153485	TMEM251
ENSG00000153551	CMTM7
ENSG00000153561	RMND5A
ENSG00000153714	LURAP1L
ENSG00000153802	TMPRSS11D
ENSG00000153814	JAZF1
ENSG00000153820	SPHKAP
ENSG00000153879	CEBPG
ENSG00000153885	KCTD15
ENSG00000153904	DDAH1
ENSG00000153922	CHD1
ENSG00000153933	DGKE
ENSG00000153956	CACNA2D1
ENSG00000153976	HS3ST3A1
ENSG00000154027	AK5
ENSG00000154096	THY1
ENSG00000154153	FAM134B
ENSG00000154175	ABI3BP
ENSG00000154188	ANGPT1
ENSG00000154229	PRKCA
ENSG00000154237	LRRK1
ENSG00000154258	ABCA9
ENSG00000154262	ABCA6
ENSG00000154263	ABCA10
ENSG00000154359	LONRF1
ENSG00000154451	GBP5
ENSG00000154511	FAM69A
ENSG00000154529	CNTNAP3B
ENSG00000154548	SRSF12
ENSG00000154553	PDLIM3
ENSG00000154639	CXADR
ENSG00000154642	C21orf91
ENSG00000154734	ADAMTS1
ENSG00000154736	ADAMTS5
ENSG00000154856	APCDD1
ENSG00000154864	PIEZO2
ENSG00000154889	MPPE1
ENSG00000154914	USP43
ENSG00000154917	RAB6B
ENSG00000154928	EPHB1
ENSG00000155085	AK9
ENSG00000155090	KLF10
ENSG00000155189	AGPAT5
ENSG00000155254	MARVELD1
ENSG00000155256	ZFYVE27
ENSG00000155324	GRAMD3
ENSG00000155330	C16orf87
ENSG00000155511	GRIA1
ENSG00000155530	LRGUK
ENSG00000155545	MIER3
ENSG00000155592	ZKSCAN2
ENSG00000155629	PIK3AP1
ENSG00000155744	FAM126B
ENSG00000155816	FMN2
ENSG00000155846	PPARGC1B
ENSG00000155858	LSM11
ENSG00000155961	RAB39B
ENSG00000155974	GRIP1
ENSG00000155980	KIF5A
ENSG00000156049	GNA14
ENSG00000156103	MMP16
ENSG00000156113	KCNMA1
ENSG00000156206	CFAP161
ENSG00000156299	TIAM1
ENSG00000156453	PCDH1
ENSG00000156486	KCNS2
ENSG00000156508	EEF1A1
ENSG00000156535	CD109
ENSG00000156675	RAB11FIP1
ENSG00000156687	UNC5D
ENSG00000156711	MAPK13
ENSG00000156858	PRR14
ENSG00000156966	B3GNT7
ENSG00000156968	MPV17L
ENSG00000156970	BUB1B
ENSG00000157110	RBPMS
ENSG00000157150	TIMP4
ENSG00000157152	SYN2
ENSG00000157168	NRG1
ENSG00000157224	CLDN12
ENSG00000157227	MMP14
ENSG00000157326	DHRS4
ENSG00000157404	KIT
ENSG00000157445	CACNA2D3
ENSG00000157456	CCNB2
ENSG00000157470	FAM81A
ENSG00000157502	MUM1L1
ENSG00000157510	AFAP1L1
ENSG00000157514	TSC22D3
ENSG00000157570	TSPAN18
ENSG00000157601	MX1
ENSG00000157613	CREB3L1
ENSG00000157693	TMEM268
ENSG00000157765	SLC34A2
ENSG00000157833	GAREM2
ENSG00000158079	PTPDC1
ENSG00000158106	RHPN1
ENSG00000158125	XDH
ENSG00000158158	CNNM4
ENSG00000158201	ABHD3
ENSG00000158220	ESYT3
ENSG00000158246	FAM46B
ENSG00000158258	CLSTN2
ENSG00000158270	COLEC12
ENSG00000158296	SLC13A3
ENSG00000158321	AUTS2
ENSG00000158402	CDC25C
ENSG00000158457	TSPAN33
ENSG00000158467	AHCYL2
ENSG00000158528	PPP1R9A
ENSG00000158560	DYNC1I1
ENSG00000158715	SLC45A3
ENSG00000158717	RNF166
ENSG00000158769	F11R
ENSG00000158792	SPATA2L
ENSG00000158813	EDA
ENSG00000158856	DMTN
ENSG00000159023	EPB41
ENSG00000159082	SYNJ1
ENSG00000159167	STC1
ENSG00000159212	CLIC6
ENSG00000159216	RUNX1
ENSG00000159263	SIM2
ENSG00000159307	SCUBE1
ENSG00000159314	ARHGAP27
ENSG00000159363	ATP13A2
ENSG00000159450	TCHH
ENSG00000159640	ACE
ENSG00000159674	SPON2
ENSG00000159753	CARMIL2
ENSG00000159840	ZYX
ENSG00000159860	TCAF2P1
ENSG00000159873	CCDC117
ENSG00000160117	ANKLE1
ENSG00000160179	ABCG1
ENSG00000160190	SLC37A1
ENSG00000160191	PDE9A
ENSG00000160207	HSF2BP
ENSG00000160221	C21orf33
ENSG00000160223	ICOSLG
ENSG00000160233	LRRC3
ENSG00000160285	LSS
ENSG00000160310	PRMT2
ENSG00000160325	CACFD1
ENSG00000160326	SLC2A6
ENSG00000160404	TOR2A
ENSG00000160439	RDH13
ENSG00000160447	PKN3
ENSG00000160460	SPTBN4
ENSG00000160469	BRSK1
ENSG00000160570	DEDD2
ENSG00000160588	MPZL3
ENSG00000160685	ZBTB7B
ENSG00000160785	SLC25A44
ENSG00000160789	LMNA
ENSG00000160796	NBEAL2
ENSG00000160888	IER2
ENSG00000161091	MFSD12
ENSG00000161249	DMKN
ENSG00000161267	BDH1
ENSG00000161381	PLXDC1
ENSG00000161395	PGAP3
ENSG00000161681	SHANK1
ENSG00000161682	FAM171A2
ENSG00000161714	PLCD3
ENSG00000161800	RACGAP1
ENSG00000161888	SPC24
ENSG00000161940	BCL6B
ENSG00000162039	MEIOB
ENSG00000162062	C16orf59
ENSG00000162241	SLC25A45
ENSG00000162298	SYVN1
ENSG00000162367	TAL1
ENSG00000162396	PARS2
ENSG00000162407	PLPP3
ENSG00000162409	PRKAA2
ENSG00000162433	AK4
ENSG00000162437	RAVER2
ENSG00000162444	RBP7
ENSG00000162520	SYNC
ENSG00000162545	CAMK2N1
ENSG00000162576	MXRA8
ENSG00000162585	FAAP20
ENSG00000162591	MEGF6
ENSG00000162614	NEXN
ENSG00000162624	LHX8
ENSG00000162642	C1orf52
ENSG00000162643	WDR63
ENSG00000162654	GBP4
ENSG00000162687	KCNT2
ENSG00000162729	IGSF8
ENSG00000162733	DDR2
ENSG00000162738	VANGL2
ENSG00000162745	OLFML2B
ENSG00000162769	FLVCR1
ENSG00000162772	ATF3
ENSG00000162777	DENND2D
ENSG00000162804	SNED1
ENSG00000162817	C1orf115
ENSG00000162849	KIF26B
ENSG00000162892	IL24
ENSG00000162894	FCMR
ENSG00000162924	REL
ENSG00000162976	PQLC3
ENSG00000163071	SPATA18
ENSG00000163082	SGPP2
ENSG00000163083	INHBB
ENSG00000163131	CTSS
ENSG00000163132	MSX1
ENSG00000163155	LYSMD1
ENSG00000163156	SCNM1
ENSG00000163162	RNF149
ENSG00000163171	CDC42EP3
ENSG00000163191	S100A11
ENSG00000163235	TGFA
ENSG00000163239	TDRD10
ENSG00000163251	FZD5
ENSG00000163291	PAQR3
ENSG00000163293	NIPAL1
ENSG00000163322	FAM175A
ENSG00000163328	GPR155
ENSG00000163359	COL6A3
ENSG00000163362	C1orf106
ENSG00000163376	KBTBD8
ENSG00000163377	FAM19A4
ENSG00000163393	SLC22A15
ENSG00000163412	EIF4E3
ENSG00000163430	FSTL1
ENSG00000163431	LMOD1
ENSG00000163449	TMEM169
ENSG00000163491	NEK10
ENSG00000163513	TGFBR2
ENSG00000163528	CHCHD4
ENSG00000163536	SERPINI1
ENSG00000163565	IFI16
ENSG00000163584	RPL22L1
ENSG00000163590	PPM1L
ENSG00000163624	CDS1
ENSG00000163626	COX18
ENSG00000163629	PTPN13
ENSG00000163633	C4orf36
ENSG00000163661	PTX3
ENSG00000163681	SLMAP
ENSG00000163686	ABHD6
ENSG00000163694	RBM47
ENSG00000163710	PCOLCE2
ENSG00000163735	CXCL5
ENSG00000163743	RCHY1
ENSG00000163808	KIF15
ENSG00000163884	KLF15
ENSG00000163909	HEYL
ENSG00000163913	IFT122
ENSG00000163932	PRKCD
ENSG00000163935	SFMBT1
ENSG00000163975	MELTF
ENSG00000164010	ERMAP
ENSG00000164045	CDC25A
ENSG00000164070	HSPA4L
ENSG00000164096	C4orf3
ENSG00000164099	PRSS12
ENSG00000164100	NDST3
ENSG00000164105	SAP30
ENSG00000164107	HAND2
ENSG00000164111	ANXA5
ENSG00000164120	HPGD
ENSG00000164122	ASB5
ENSG00000164125	FAM198B
ENSG00000164128	NPY1R
ENSG00000164142	FAM160A1
ENSG00000164164	OTUD4
ENSG00000164181	ELOVL7
ENSG00000164197	RNF180
ENSG00000164199	ADGRV1
ENSG00000164220	F2RL2
ENSG00000164237	CMBL
ENSG00000164251	F2RL1
ENSG00000164283	ESM1
ENSG00000164284	GRPEL2
ENSG00000164292	RHOBTB3
ENSG00000164294	GPX8
ENSG00000164308	ERAP2
ENSG00000164309	CMYA5
ENSG00000164342	TLR3
ENSG00000164418	GRIK2
ENSG00000164430	MB21D1
ENSG00000164440	TXLNB
ENSG00000164442	CITED2
ENSG00000164532	TBX20
ENSG00000164542	KIAA0895
ENSG00000164591	MYOZ3
ENSG00000164611	PTTG1
ENSG00000164616	FBXL21
ENSG00000164619	BMPER
ENSG00000164626	KCNK5
ENSG00000164674	SYTL3
ENSG00000164684	ZNF704
ENSG00000164687	FABP5
ENSG00000164692	COL1A2
ENSG00000164694	FNDC1
ENSG00000164695	CHMP4C
ENSG00000164713	BRI3
ENSG00000164715	LMTK2
ENSG00000164733	CTSB
ENSG00000164742	ADCY1
ENSG00000164743	C8orf48
ENSG00000164761	TNFRSF11B
ENSG00000164778	EN2
ENSG00000164823	OSGIN2
ENSG00000164920	OSR2
ENSG00000164929	BAALC
ENSG00000164932	CTHRC1
ENSG00000164946	FREM1
ENSG00000164970	FAM219A
ENSG00000164989	CCDC171
ENSG00000165072	MAMDC2
ENSG00000165092	ALDH1A1
ENSG00000165105	RASEF
ENSG00000165113	GKAP1
ENSG00000165124	SVEP1
ENSG00000165152	TMEM246
ENSG00000165181	C9orf84
ENSG00000165185	KIAA1958
ENSG00000165194	PCDH19
ENSG00000165195	PIGA
ENSG00000165209	STRBP
ENSG00000165244	ZNF367
ENSG00000165288	BRWD3
ENSG00000165300	SLITRK5
ENSG00000165312	OTUD1
ENSG00000165424	ZCCHC24
ENSG00000165449	SLC16A9
ENSG00000165474	GJB2
ENSG00000165480	SKA3
ENSG00000165533	TTC8
ENSG00000165626	BEND7
ENSG00000165632	TAF3
ENSG00000165716	FAM69B
ENSG00000165730	STOX1
ENSG00000165731	RET
ENSG00000165732	DDX21
ENSG00000165757	KIAA1462
ENSG00000165795	NDRG2
ENSG00000165810	BTNL9
ENSG00000165895	ARHGAP42
ENSG00000165905	LARGE2
ENSG00000165914	TTC7B
ENSG00000165929	TC2N
ENSG00000165948	IFI27L1
ENSG00000165949	IFI27
ENSG00000165959	CLMN
ENSG00000165985	C1QL3
ENSG00000165995	CACNB2
ENSG00000165997	ARL5B
ENSG00000166002	SMCO4
ENSG00000166016	ABTB2
ENSG00000166033	HTRA1
ENSG00000166046	TCP11L2
ENSG00000166073	GPR176
ENSG00000166106	ADAMTS15
ENSG00000166123	GPT2
ENSG00000166130	IKBIP
ENSG00000166145	SPINT1
ENSG00000166147	FBN1
ENSG00000166165	CKB
ENSG00000166206	GABRB3
ENSG00000166250	CLMP
ENSG00000166257	SCN3B
ENSG00000166311	SMPD1
ENSG00000166340	TPP1
ENSG00000166396	SERPINB7
ENSG00000166405	RIC3
ENSG00000166415	WDR72
ENSG00000166432	ZMAT1
ENSG00000166441	RPL27A
ENSG00000166444	ST5
ENSG00000166450	PRTG
ENSG00000166482	MFAP4
ENSG00000166501	PRKCB
ENSG00000166562	SEC11C
ENSG00000166582	CENPV
ENSG00000166669	ATF7IP2
ENSG00000166670	MMP10
ENSG00000166689	PLEKHA7
ENSG00000166741	NNMT
ENSG00000166780	C16orf45
ENSG00000166793	YPEL4
ENSG00000166801	FAM111A
ENSG00000166803	KIAA0101
ENSG00000166825	ANPEP
ENSG00000166831	RBPMS2
ENSG00000166833	NAV2
ENSG00000166851	PLK1
ENSG00000166888	STAT6
ENSG00000166900	STX3
ENSG00000166908	PIP4K2C
ENSG00000166920	C15orf48
ENSG00000166923	GREM1
ENSG00000166949	SMAD3
ENSG00000166963	MAP1A
ENSG00000166971	AKTIP
ENSG00000166997	CNPY4
ENSG00000167034	NKX3-1
ENSG00000167080	B4GALNT2
ENSG00000167081	PBX3
ENSG00000167114	SLC27A4
ENSG00000167130	DOLPP1
ENSG00000167157	PRRX2
ENSG00000167173	C15orf39
ENSG00000167178	ISLR2
ENSG00000167182	SP2
ENSG00000167244	IGF2
ENSG00000167302	TEPSIN
ENSG00000167306	MYO5B
ENSG00000167447	SMG8
ENSG00000167460	TPM4
ENSG00000167535	CACNB3
ENSG00000167550	RHEBL1
ENSG00000167552	TUBA1A
ENSG00000167555	ZNF528
ENSG00000167595	PROSER3
ENSG00000167601	AXL
ENSG00000167642	SPINT2
ENSG00000167676	PLIN4
ENSG00000167680	SEMA6B
ENSG00000167703	SLC43A2
ENSG00000167723	TRPV3
ENSG00000167747	C19orf48
ENSG00000167767	KRT80
ENSG00000167772	ANGPTL4
ENSG00000167779	IGFBP6
ENSG00000167797	CDK2AP2
ENSG00000167861	HID1
ENSG00000167962	ZNF598
ENSG00000167972	ABCA3
ENSG00000167977	KCTD5
ENSG00000167996	FTH1
ENSG00000168003	SLC3A2
ENSG00000168062	BATF2
ENSG00000168077	SCARA3
ENSG00000168078	PBK
ENSG00000168140	VASN
ENSG00000168143	FAM83B
ENSG00000168209	DDIT4
ENSG00000168234	TTC39C
ENSG00000168268	NT5DC2
ENSG00000168275	COA6
ENSG00000168280	KIF5C
ENSG00000168297	PXK
ENSG00000168301	KCTD6
ENSG00000168306	ACOX2
ENSG00000168386	FILIP1L
ENSG00000168389	MFSD2A
ENSG00000168398	BDKRB2
ENSG00000168427	KLHL30
ENSG00000168453	HR
ENSG00000168502	MTCL1
ENSG00000168542	COL3A1
ENSG00000168615	ADAM9
ENSG00000168653	NDUFS5
ENSG00000168661	ZNF30
ENSG00000168672	FAM84B
ENSG00000168675	LDLRAD4
ENSG00000168685	IL7R
ENSG00000168702	LRP1B
ENSG00000168734	PKIG
ENSG00000168781	PPIP5K1
ENSG00000168785	TSPAN5
ENSG00000168795	ZBTB5
ENSG00000168807	SNTB2
ENSG00000168811	IL12A
ENSG00000168827	GFM1
ENSG00000168874	ATOH8
ENSG00000168884	TNIP2
ENSG00000168899	VAMP5
ENSG00000168916	ZNF608
ENSG00000168938	PPIC
ENSG00000169047	IRS1
ENSG00000169071	ROR2
ENSG00000169083	AR
ENSG00000169087	HSPBAP1
ENSG00000169105	CHST14
ENSG00000169116	PARM1
ENSG00000169129	AFAP1L2
ENSG00000169174	PCSK9
ENSG00000169184	MN1
ENSG00000169189	NSMCE1
ENSG00000169193	CCDC126
ENSG00000169213	RAB3B
ENSG00000169231	THBS3
ENSG00000169239	CA5B
ENSG00000169248	CXCL11
ENSG00000169271	HSPB3
ENSG00000169291	SHE
ENSG00000169302	STK32A
ENSG00000169403	PTAFR
ENSG00000169429	CXCL8
ENSG00000169432	SCN9A
ENSG00000169507	SLC38A11
ENSG00000169604	ANTXR1
ENSG00000169607	CKAP2L
ENSG00000169635	HIC2
ENSG00000169679	BUB1
ENSG00000169684	CHRNA5
ENSG00000169715	MT1E
ENSG00000169740	ZNF32
ENSG00000169744	LDB2
ENSG00000169750	RAC3
ENSG00000169760	NLGN1
ENSG00000169762	TAPT1
ENSG00000169860	P2RY1
ENSG00000169891	REPS2
ENSG00000169933	FRMPD4
ENSG00000169957	ZNF768
ENSG00000169967	MAP3K2
ENSG00000169981	ZNF35
ENSG00000170011	MYRIP
ENSG00000170017	ALCAM
ENSG00000170035	UBE2E3
ENSG00000170088	TMEM192
ENSG00000170100	ZNF778
ENSG00000170113	NIPA1
ENSG00000170175	CHRNB1
ENSG00000170214	ADRA1B
ENSG00000170234	PWWP2A
ENSG00000170264	FAM161A
ENSG00000170271	FAXDC2
ENSG00000170275	CRTAP
ENSG00000170291	ELP5
ENSG00000170293	CMTM8
ENSG00000170340	B3GNT2
ENSG00000170370	EMX2
ENSG00000170379	TCAF2
ENSG00000170382	LRRN2
ENSG00000170412	GPRC5C
ENSG00000170430	MGMT
ENSG00000170456	DENND5B
ENSG00000170469	SPATA24
ENSG00000170473	PYM1
ENSG00000170500	LONRF2
ENSG00000170537	TMC7
ENSG00000170561	IRX2
ENSG00000170571	EMB
ENSG00000170577	SIX2
ENSG00000170624	SGCD
ENSG00000170647	TMEM133
ENSG00000170689	HOXB9
ENSG00000170745	KCNS3
ENSG00000170786	SDR16C5
ENSG00000170801	HTRA3
ENSG00000170837	GPR27
ENSG00000170876	TMEM43
ENSG00000170955	PRKCDBP
ENSG00000170962	PDGFD
ENSG00000170989	S1PR1
ENSG00000171004	HS6ST2
ENSG00000171045	TSNARE1
ENSG00000171055	FEZ2
ENSG00000171105	INSR
ENSG00000171126	KCNG3
ENSG00000171130	ATP6V0E2
ENSG00000171150	SOCS5
ENSG00000171161	ZNF672
ENSG00000171208	NETO2
ENSG00000171219	CDC42BPG
ENSG00000171224	C10orf35
ENSG00000171241	SHCBP1
ENSG00000171246	NPTX1
ENSG00000171262	FAM98B
ENSG00000171310	CHST11
ENSG00000171316	CHD7
ENSG00000171345	KRT19
ENSG00000171365	CLCN5
ENSG00000171385	KCND3
ENSG00000171408	PDE7B
ENSG00000171425	ZNF581
ENSG00000171451	DSEL
ENSG00000171502	COL24A1
ENSG00000171522	PTGER4
ENSG00000171551	ECEL1
ENSG00000171700	RGS19
ENSG00000171714	ANO5
ENSG00000171724	VAT1L
ENSG00000171735	CAMTA1
ENSG00000171786	NHLH1
ENSG00000171791	BCL2
ENSG00000171813	PWWP2B
ENSG00000171843	MLLT3
ENSG00000171863	RPS7
ENSG00000171877	FRMD5
ENSG00000171889	MIR31HG
ENSG00000171903	CYP4F11
ENSG00000171940	ZNF217
ENSG00000172061	LRRC15
ENSG00000172115	CYCS
ENSG00000172137	CALB2
ENSG00000172139	SLC9C1
ENSG00000172159	FRMD3
ENSG00000172183	ISG20
ENSG00000172201	ID4
ENSG00000172244	C5orf34
ENSG00000172260	NEGR1
ENSG00000172264	MACROD2
ENSG00000172292	CERS6
ENSG00000172331	BPGM
ENSG00000172340	SUCLG2
ENSG00000172346	CSDC2
ENSG00000172348	RCAN2
ENSG00000172350	ABCG4
ENSG00000172375	C2CD2L
ENSG00000172403	SYNPO2
ENSG00000172456	FGGY
ENSG00000172458	IL17D
ENSG00000172594	SMPDL3A
ENSG00000172613	RAD9A
ENSG00000172638	EFEMP2
ENSG00000172667	ZMAT3
ENSG00000172757	CFL1
ENSG00000172795	DCP2
ENSG00000172889	EGFL7
ENSG00000172935	MRGPRF
ENSG00000172954	LCLAT1
ENSG00000172986	GXYLT2
ENSG00000173011	TADA2B
ENSG00000173041	ZNF680
ENSG00000173065	FAM222B
ENSG00000173068	BNC2
ENSG00000173083	HPSE
ENSG00000173110	HSPA6
ENSG00000173175	ADCY5
ENSG00000173221	GLRX
ENSG00000173258	ZNF483
ENSG00000173261	PLAC8L1
ENSG00000173275	ZNF449
ENSG00000173320	STOX2
ENSG00000173391	OLR1
ENSG00000173406	DAB1
ENSG00000173451	THAP2
ENSG00000173457	PPP1R14B
ENSG00000173517	PEAK1
ENSG00000173559	NABP1
ENSG00000173653	RCE1
ENSG00000173706	HEG1
ENSG00000173715	C11orf80
ENSG00000173801	JUP
ENSG00000173805	HAP1
ENSG00000173894	CBX2
ENSG00000173898	SPTBN2
ENSG00000173917	HOXB2
ENSG00000173926	MARCH3
ENSG00000173930	SLCO4C1
ENSG00000174013	FBXO45
ENSG00000174032	SLC25A30
ENSG00000174099	MSRB3
ENSG00000174109	C16orf91
ENSG00000174136	RGMB
ENSG00000174306	ZHX3
ENSG00000174307	PHLDA3
ENSG00000174348	PODN
ENSG00000174405	LIG4
ENSG00000174444	RPL4
ENSG00000174500	GCSAM
ENSG00000174527	MYO1H
ENSG00000174600	CMKLR1
ENSG00000174640	SLCO2A1
ENSG00000174669	SLC29A2
ENSG00000174672	BRSK2
ENSG00000174749	C4orf32
ENSG00000174791	RIN1
ENSG00000174807	CD248
ENSG00000174912	METTL15P1
ENSG00000174943	KCTD13
ENSG00000174951	FUT1
ENSG00000174963	ZIC4
ENSG00000175048	ZDHHC14
ENSG00000175063	UBE2C
ENSG00000175084	DES
ENSG00000175175	PPM1E
ENSG00000175183	CSRP2
ENSG00000175197	DDIT3
ENSG00000175220	ARHGAP1
ENSG00000175264	CHST1
ENSG00000175265	GOLGA8A
ENSG00000175318	GRAMD2
ENSG00000175344	CHRNA7
ENSG00000175376	EIF1AD
ENSG00000175445	LPL
ENSG00000175471	MCTP1
ENSG00000175536	LIPT2
ENSG00000175550	DRAP1
ENSG00000175556	LONRF3
ENSG00000175602	CCDC85B
ENSG00000175691	ZNF77
ENSG00000175697	GPR156
ENSG00000175741	RWDD4P2
ENSG00000175746	C15orf54
ENSG00000175868	CALCB
ENSG00000175879	HOXD8
ENSG00000175899	A2M
ENSG00000175928	LRRN1
ENSG00000175931	UBE2O
ENSG00000175938	ORAI3
ENSG00000176014	TUBB6
ENSG00000176046	NUPR1
ENSG00000176182	MYPOP
ENSG00000176399	DMRTA1
ENSG00000176406	RIMS2
ENSG00000176438	SYNE3
ENSG00000176485	PLA2G16
ENSG00000176490	DIRAS1
ENSG00000176563	CNTD1
ENSG00000176595	KBTBD11
ENSG00000176597	B3GNT5
ENSG00000176692	FOXC2
ENSG00000176697	BDNF
ENSG00000176749	CDK5R1
ENSG00000176771	NCKAP5
ENSG00000176826	FKBP9P1
ENSG00000176907	C8orf4
ENSG00000176974	SHMT1
ENSG00000177000	MTHFR
ENSG00000177045	SIX5
ENSG00000177082	WDR73
ENSG00000177096	FAM109B
ENSG00000177150	FAM210A
ENSG00000177181	RIMKLA
ENSG00000177192	PUS1
ENSG00000177283	FZD8
ENSG00000177311	ZBTB38
ENSG00000177337	DLGAP1-AS1
ENSG00000177363	LRRN4CL
ENSG00000177374	HIC1
ENSG00000177380	PPFIA3
ENSG00000177427	MIEF2
ENSG00000177464	GPR4
ENSG00000177465	ACOT4
ENSG00000177469	PTRF
ENSG00000177548	RABEP2
ENSG00000177551	NHLH2
ENSG00000177614	PGBD5
ENSG00000177694	NAALADL2
ENSG00000177700	POLR2L
ENSG00000177842	ZNF620
ENSG00000178031	ADAMTSL1
ENSG00000178038	ALS2CL
ENSG00000178053	MLF1
ENSG00000178104	PDE4DIP
ENSG00000178149	DALRD3
ENSG00000178202	KDELC2
ENSG00000178209	PLEC
ENSG00000178222	RNF212
ENSG00000178295	GEN1
ENSG00000178385	PLEKHM3
ENSG00000178409	BEND3
ENSG00000178429	RPS3AP5
ENSG00000178464	RPL10P16
ENSG00000178537	SLC25A20
ENSG00000178538	CA8
ENSG00000178568	ERBB4
ENSG00000178718	RPP25
ENSG00000178726	THBD
ENSG00000178752	ERFE
ENSG00000178764	ZHX2
ENSG00000178878	APOLD1
ENSG00000178996	SNX18
ENSG00000178999	AURKB
ENSG00000179094	PER1
ENSG00000179163	FUCA1
ENSG00000179222	MAGED1
ENSG00000179299	NSUN7
ENSG00000179314	WSCD1
ENSG00000179348	GATA2
ENSG00000179361	ARID3B
ENSG00000179454	KLHL28
ENSG00000179456	ZBTB18
ENSG00000179476	C14orf28
ENSG00000179532	DNHD1
ENSG00000179542	SLITRK4
ENSG00000179562	GCC1
ENSG00000179750	APOBEC3B
ENSG00000179833	SERTAD2
ENSG00000179855	GIPC3
ENSG00000179859	AC025335.1
ENSG00000179913	B3GNT3
ENSG00000179922	ZNF784
ENSG00000179954	SSC5D
ENSG00000179958	DCTPP1
ENSG00000179981	TSHZ1
ENSG00000180011	ZADH2
ENSG00000180035	ZNF48
ENSG00000180071	ANKRD18A
ENSG00000180190	TDRP
ENSG00000180233	ZNRF2
ENSG00000180336	MEIOC
ENSG00000180340	FZD2
ENSG00000180447	GAS1
ENSG00000180448	ARHGAP45
ENSG00000180628	PCGF5
ENSG00000180660	MAB21L1
ENSG00000180667	YOD1
ENSG00000180730	SHISA2
ENSG00000180758	GPR157
ENSG00000180764	PIPSL
ENSG00000180801	ARSJ
ENSG00000180875	GREM2
ENSG00000180901	KCTD2
ENSG00000180902	D2HGDH
ENSG00000180914	OXTR
ENSG00000180964	TCEAL8
ENSG00000180998	GPR137C
ENSG00000181019	NQO1
ENSG00000181072	CHRM2
ENSG00000181104	F2R
ENSG00000181195	PENK
ENSG00000181274	FRAT2
ENSG00000181467	RAP2B
ENSG00000181513	ACBD4
ENSG00000181619	GPR135
ENSG00000181754	AMIGO1
ENSG00000181773	GPR3
ENSG00000181788	SIAH2
ENSG00000181804	SLC9A9
ENSG00000181938	GINS3
ENSG00000182013	PNMAL1
ENSG00000182054	IDH2
ENSG00000182118	FAM89A
ENSG00000182134	TDRKH
ENSG00000182158	CREB3L2
ENSG00000182168	UNC5C
ENSG00000182173	TSEN54
ENSG00000182197	EXT1
ENSG00000182253	SYNM
ENSG00000182255	KCNA4
ENSG00000182263	FIGN
ENSG00000182272	B4GALNT4
ENSG00000182318	ZSCAN22
ENSG00000182324	KCNJ14
ENSG00000182389	CACNB4
ENSG00000182463	TSHZ2
ENSG00000182492	BGN
ENSG00000182534	MXRA7
ENSG00000182580	EPHB3
ENSG00000182612	TSPAN10
ENSG00000182648	LINC01006
ENSG00000182670	TTC3
ENSG00000182718	ANXA2
ENSG00000182771	GRID1
ENSG00000182796	TMEM198B
ENSG00000182810	DDX28
ENSG00000182836	PLCXD3
ENSG00000182841	RRP7BP
ENSG00000182957	SPATA13
ENSG00000182985	CADM1
ENSG00000183010	PYCR1
ENSG00000183018	SPNS2
ENSG00000183023	SLC8A1
ENSG00000183032	SLC25A21
ENSG00000183049	CAMK1D
ENSG00000183055	FAM133CP
ENSG00000183087	GAS6
ENSG00000183091	NEB
ENSG00000183092	BEGAIN
ENSG00000183098	GPC6
ENSG00000183145	RIPPLY3
ENSG00000183160	TMEM119
ENSG00000183287	CCBE1
ENSG00000183298	RPSAP19
ENSG00000183337	BCOR
ENSG00000183444	OR7E38P
ENSG00000183458	RP11-958N24.1
ENSG00000183486	MX2
ENSG00000183508	FAM46C
ENSG00000183562	CTC-343N3.1
ENSG00000183578	TNFAIP8L3
ENSG00000183579	ZNRF3
ENSG00000183580	FBXL7
ENSG00000183598	HIST2H3D
ENSG00000183644	C11orf88
ENSG00000183655	KLHL25
ENSG00000183715	OPCML
ENSG00000183723	CMTM4
ENSG00000183770	FOXL2
ENSG00000183837	PNMA3
ENSG00000183856	IQGAP3
ENSG00000183873	SCN5A
ENSG00000183935	HTR7P1
ENSG00000184005	ST6GALNAC3
ENSG00000184009	ACTG1
ENSG00000184012	TMPRSS2
ENSG00000184060	ADAP2
ENSG00000184068	RP5-821D11.7
ENSG00000184156	KCNQ3
ENSG00000184185	KCNJ12
ENSG00000184220	CMSS1
ENSG00000184227	ACOT1
ENSG00000184254	ALDH1A3
ENSG00000184304	PRKD1
ENSG00000184305	CCSER1
ENSG00000184307	ZDHHC23
ENSG00000184357	HIST1H1B
ENSG00000184368	MAP7D2
ENSG00000184378	ACTRT3
ENSG00000184384	MAML2
ENSG00000184481	FOXO4
ENSG00000184489	PTP4A3
ENSG00000184545	DUSP8
ENSG00000184557	SOCS3
ENSG00000184564	SLITRK6
ENSG00000184613	NELL2
ENSG00000184640	SEPT9
ENSG00000184661	CDCA2
ENSG00000184675	AMER1
ENSG00000184785	SMIM10
ENSG00000184792	OSBP2
ENSG00000184838	PRR16
ENSG00000184857	TMEM186
ENSG00000184867	ARMCX2
ENSG00000184898	RBM43
ENSG00000184900	SUMO3
ENSG00000184916	JAG2
ENSG00000184922	FMNL1
ENSG00000184937	WT1
ENSG00000184979	USP18
ENSG00000184985	SORCS2
ENSG00000184992	BRI3BP
ENSG00000184995	IFNE
ENSG00000185008	ROBO2
ENSG00000185015	CA13
ENSG00000185052	SLC24A3
ENSG00000185088	RPS27L
ENSG00000185112	FAM43A
ENSG00000185127	C6orf120
ENSG00000185133	INPP5J
ENSG00000185261	KIAA0825
ENSG00000185298	CCDC137
ENSG00000185338	SOCS1
ENSG00000185344	ATP6V0A2
ENSG00000185352	HS6ST3
ENSG00000185404	SP140L
ENSG00000185432	METTL7A
ENSG00000185436	IFNLR1
ENSG00000185513	L3MBTL1
ENSG00000185532	PRKG1
ENSG00000185551	NR2F2
ENSG00000185565	LSAMP
ENSG00000185567	AHNAK2
ENSG00000185608	MRPL40
ENSG00000185630	PBX1
ENSG00000185641	CTD-2287O16.1
ENSG00000185650	ZFP36L1
ENSG00000185652	NTF3
ENSG00000185664	PMEL
ENSG00000185670	ZBTB3
ENSG00000185689	C6orf201
ENSG00000185730	ZNF696
ENSG00000185742	C11orf87
ENSG00000185745	IFIT1
ENSG00000185787	MORF4L1
ENSG00000185818	NAT8L
ENSG00000185838	GNB1L
ENSG00000185885	IFITM1
ENSG00000185924	RTN4RL1
ENSG00000185985	SLITRK2
ENSG00000186017	ZNF566
ENSG00000186104	CYP2R1
ENSG00000186106	ANKRD46
ENSG00000186150	UBL4B
ENSG00000186185	KIF18B
ENSG00000186310	NAP1L3
ENSG00000186340	THBS2
ENSG00000186462	NAP1L2
ENSG00000186469	GNG2
ENSG00000186472	PCLO
ENSG00000186510	CLCNKA
ENSG00000186522	SEPT10
ENSG00000186564	FOXD2
ENSG00000186666	BCDIN3D
ENSG00000186871	ERCC6L
ENSG00000187079	TEAD1
ENSG00000187094	CCK
ENSG00000187109	NAP1L1
ENSG00000187123	LYPD6
ENSG00000187134	AKR1C1
ENSG00000187164	SHTN1
ENSG00000187173	LCE2A
ENSG00000187193	MT1X
ENSG00000187240	DYNC2H1
ENSG00000187266	EPOR
ENSG00000187605	TET3
ENSG00000187608	ISG15
ENSG00000187630	DHRS4L2
ENSG00000187653	TMSB4XP8
ENSG00000187672	ERC2
ENSG00000187720	THSD4
ENSG00000187764	SEMA4D
ENSG00000187772	LIN28B
ENSG00000187800	PEAR1
ENSG00000187840	EIF4EBP1
ENSG00000187950	OVCH1
ENSG00000187955	COL14A1
ENSG00000188010	MORN2
ENSG00000188064	WNT7B
ENSG00000188185	LINC00265
ENSG00000188211	NCR3LG1
ENSG00000188219	POTEE
ENSG00000188290	HES4
ENSG00000188338	SLC38A3
ENSG00000188452	CERKL
ENSG00000188517	COL25A1
ENSG00000188559	RALGAPA2
ENSG00000188596	CFAP54
ENSG00000188599	NPIPP1
ENSG00000188613	NANOS1
ENSG00000188641	DPYD
ENSG00000188707	ZBED6CL
ENSG00000188732	FAM221A
ENSG00000188765	TMSB4XP2
ENSG00000188783	PRELP
ENSG00000188818	ZDHHC11
ENSG00000188848	BEND4
ENSG00000188873	RPL10AP2
ENSG00000188921	HACD4
ENSG00000189056	RELN
ENSG00000189171	S100A13
ENSG00000189184	PCDH18
ENSG00000189212	DPY19L2P1
ENSG00000189221	MAOA
ENSG00000189306	RRP7A
ENSG00000189320	FAM180A
ENSG00000189362	NEMP2
ENSG00000189398	OR7E12P
ENSG00000189410	SH2D5
ENSG00000189420	ZFP92
ENSG00000196083	IL1RAP
ENSG00000196141	SPATS2L
ENSG00000196159	FAT4
ENSG00000196172	ZNF681
ENSG00000196182	STK40
ENSG00000196205	EEF1A1P5
ENSG00000196208	GREB1
ENSG00000196220	SRGAP3
ENSG00000196230	TUBB
ENSG00000196352	CD55
ENSG00000196371	FUT4
ENSG00000196376	SLC35F1
ENSG00000196405	EVL
ENSG00000196418	ZNF124
ENSG00000196449	YRDC
ENSG00000196511	TPK1
ENSG00000196531	NACA
ENSG00000196547	MAN2A2
ENSG00000196549	MME
ENSG00000196557	CACNA1H
ENSG00000196569	LAMA2
ENSG00000196576	PLXNB2
ENSG00000196616	ADH1B
ENSG00000196632	WNK3
ENSG00000196639	HRH1
ENSG00000196730	DAPK1
ENSG00000196787	HIST1H2AG
ENSG00000196843	ARID5A
ENSG00000196911	KPNA5
ENSG00000196923	PDLIM7
ENSG00000196924	FLNA
ENSG00000196935	SRGAP1
ENSG00000196943	NOP9
ENSG00000196968	FUT11
ENSG00000197008	ZNF138
ENSG00000197077	KIAA1671
ENSG00000197106	SLC6A17
ENSG00000197147	LRRC8B
ENSG00000197181	PIWIL2
ENSG00000197182	MIRLET7BHG
ENSG00000197191	CYSRT1
ENSG00000197256	KANK2
ENSG00000197279	ZNF165
ENSG00000197291	RAMP2-AS1
ENSG00000197301	RP11-366L20.2
ENSG00000197329	PELI1
ENSG00000197381	ADARB1
ENSG00000197415	VEPH1
ENSG00000197461	PDGFA
ENSG00000197465	GYPE
ENSG00000197498	RPF2
ENSG00000197594	ENPP1
ENSG00000197603	C5orf42
ENSG00000197614	MFAP5
ENSG00000197635	DPP4
ENSG00000197647	ZNF433
ENSG00000197670	RP4-724E16.2
ENSG00000197702	PARVA
ENSG00000197712	FAM114A1
ENSG00000197728	RPS26
ENSG00000197747	S100A10
ENSG00000197748	CFAP43
ENSG00000197822	OCLN
ENSG00000197852	FAM212B
ENSG00000197872	FAM49A
ENSG00000197892	KIF13B
ENSG00000197894	ADH5
ENSG00000197943	PLCG2
ENSG00000197956	S100A6
ENSG00000197958	RPL12
ENSG00000197971	MBP
ENSG00000197978	GOLGA6L9
ENSG00000198034	RPS4X
ENSG00000198087	CD2AP
ENSG00000198088	NUP62CL
ENSG00000198108	CHSY3
ENSG00000198121	LPAR1
ENSG00000198168	SVIP
ENSG00000198189	HSD17B11
ENSG00000198208	RPS6KL1
ENSG00000198300	PEG3
ENSG00000198342	ZNF442
ENSG00000198353	HOXC4
ENSG00000198355	PIM3
ENSG00000198363	ASPH
ENSG00000198380	GFPT1
ENSG00000198420	TCAF1
ENSG00000198467	TPM2
ENSG00000198478	SH3BGRL2
ENSG00000198483	ANKRD35
ENSG00000198523	PLN
ENSG00000198542	ITGBL1
ENSG00000198624	CCDC69
ENSG00000198682	PAPSS2
ENSG00000198689	SLC9A6
ENSG00000198722	UNC13B
ENSG00000198729	PPP1R14C
ENSG00000198753	PLXNB3
ENSG00000198755	RPL10A
ENSG00000198756	COLGALT2
ENSG00000198768	APCDD1L
ENSG00000198780	FAM169A
ENSG00000198794	SCAMP5
ENSG00000198795	ZNF521
ENSG00000198796	ALPK2
ENSG00000198805	PNP
ENSG00000198825	INPP5F
ENSG00000198826	ARHGAP11A
ENSG00000198830	HMGN2
ENSG00000198832	SELM
ENSG00000198846	TOX
ENSG00000198855	FICD
ENSG00000198870	STKLD1
ENSG00000198876	DCAF12
ENSG00000198879	SFMBT2
ENSG00000198885	ITPRIPL1
ENSG00000198888	MT-ND1
ENSG00000198910	L1CAM
ENSG00000198924	DCLRE1A
ENSG00000198937	CCDC167
ENSG00000198947	DMD
ENSG00000198948	MFAP3L
ENSG00000198960	ARMCX6
ENSG00000198963	RORB
ENSG00000199914	SNORD114-16
ENSG00000199942	SNORD114-19
ENSG00000199961	SNORD1B
ENSG00000200792	SNORA80A
ENSG00000200832	SNORD114-4
ENSG00000201098	RNY1
ENSG00000201263	SNORD114-6
ENSG00000203326	ZNF525
ENSG00000203506	RBMS3-AS2
ENSG00000203727	SAMD5
ENSG00000203761	MSTO2P
ENSG00000203780	FANK1
ENSG00000203811	HIST2H3C
ENSG00000203880	PCMTD2
ENSG00000203995	ZYG11A
ENSG00000204049	RP11-126H7.4
ENSG00000204103	MAFB
ENSG00000204131	NHSL2
ENSG00000204160	ZDHHC18
ENSG00000204219	TCEA3
ENSG00000204262	COL5A2
ENSG00000204308	RNF5
ENSG00000204311	DFNB59
ENSG00000204352	C9orf129
ENSG00000204381	LAYN
ENSG00000204386	NEU1
ENSG00000204387	C6orf48
ENSG00000204389	HSPA1A
ENSG00000204397	CARD16
ENSG00000204516	MICB
ENSG00000204520	MICA
ENSG00000204525	HLA-C
ENSG00000204584	RP11-304F15.3
ENSG00000204632	HLA-G
ENSG00000204642	HLA-F
ENSG00000204650	CRHR1-IT1
ENSG00000204789	ZNF204P
ENSG00000204923	FBXO48
ENSG00000204941	PSG5
ENSG00000204959	ARHGEF34P
ENSG00000205045	SLFN12L
ENSG00000205060	SLC35B4
ENSG00000205100	HSP90AA4P
ENSG00000205189	ZBTB10
ENSG00000205269	TMEM170B
ENSG00000205336	ADGRG1
ENSG00000205363	C15orf59
ENSG00000205517	RGL3
ENSG00000205542	TMSB4X
ENSG00000205593	DENND6B
ENSG00000205683	DPF3
ENSG00000205871	RPS3AP47
ENSG00000206052	DOK6
ENSG00000206195	DUXAP8
ENSG00000206228	HNRNPA1P4
ENSG00000206337	HCP5
ENSG00000206341	HLA-H
ENSG00000206432	TMEM200C
ENSG00000206503	HLA-A
ENSG00000206527	HACD2
ENSG00000206538	VGLL3
ENSG00000206557	TRIM71
ENSG00000206727	SNORD116-9
ENSG00000206989	SNORD63
ENSG00000207008	SNORA54
ENSG00000207014	SNORD116-3
ENSG00000207442	SNORD116-6
ENSG00000207460	SNORD116-19
ENSG00000207561	MIR635
ENSG00000207725	MIR222
ENSG00000207754	MIR487B
ENSG00000207870	MIR221
ENSG00000207971	MIR125B1
ENSG00000211445	GPX3
ENSG00000211448	DIO2
ENSG00000212128	TAS2R13
ENSG00000212402	SNORA74B
ENSG00000212747	FAM127C
ENSG00000212978	AC016747.3
ENSG00000213047	DENND1B
ENSG00000213057	C1orf220
ENSG00000213160	KLHL23
ENSG00000213186	TRIM59
ENSG00000213190	MLLT11
ENSG00000213214	ARHGEF35
ENSG00000213225	NOC2LP1
ENSG00000213341	CHUK
ENSG00000213398	LCAT
ENSG00000213406	ANXA2P1
ENSG00000213430	HSPD1P1
ENSG00000213613	RP11-380G5.3
ENSG00000213625	LEPROT
ENSG00000213626	LBH
ENSG00000213659	RSU1P3
ENSG00000213683	AC002056.3
ENSG00000213713	PIGCP1
ENSG00000213722	DDAH2
ENSG00000213763	ACTBP2
ENSG00000213846	AC098614.2
ENSG00000213853	EMP2
ENSG00000213859	KCTD11
ENSG00000213866	YBX1P10
ENSG00000213881	NPM1P6
ENSG00000213885	RPL13AP7
ENSG00000213903	LTB4R
ENSG00000213928	IRF9
ENSG00000213967	ZNF726
ENSG00000213971	
ENSG00000213985	AC078899.1
ENSG00000214026	MRPL23
ENSG00000214046	SMIM7
ENSG00000214114	MYCBP
ENSG00000214199	EEF1A1P12
ENSG00000214222	TUBBP2
ENSG00000214223	HNRNPA1P10
ENSG00000214279	SCART1
ENSG00000214357	NEURL1B
ENSG00000214389	RPS3AP26
ENSG00000214455	RCN1P2
ENSG00000214485	RPL7P1
ENSG00000214530	STARD10
ENSG00000214776	RP11-726G1.1
ENSG00000214814	FER1L6
ENSG00000214826	DDX12P
ENSG00000214980	RP11-274J2.1
ENSG00000215039	CD27-AS1
ENSG00000215068	AC025171.1
ENSG00000215208	KRT18P60
ENSG00000215252	GOLGA8B
ENSG00000215386	MIR99AHG
ENSG00000215417	MIR17HG
ENSG00000215492	HNRNPA1P7
ENSG00000215861	WI2-1896O14.1
ENSG00000216775	RP1-152L7.5
ENSG00000216809	RP11-57K17.1
ENSG00000217416	ISCA1P1
ENSG00000217624	RP11-204C16.4
ENSG00000217801	RP11-465B22.3
ENSG00000218226	TATDN2P2
ENSG00000218227	RP11-889L3.1
ENSG00000218283	MORF4L1P1
ENSG00000218358	RAET1K
ENSG00000218582	GAPDHP63
ENSG00000218586	RP4-791C19.1
ENSG00000219201	RP11-181C21.4
ENSG00000219438	FAM19A5
ENSG00000220157	HNRNPA1P12
ENSG00000220205	VAMP2
ENSG00000220392	FCF1P5
ENSG00000220412	RP11-95M15.2
ENSG00000220695	RP1-121G13.3
ENSG00000220785	MTMR9LP
ENSG00000221869	CEBPD
ENSG00000221886	ZBED8
ENSG00000221890	NPTXR
ENSG00000221923	ZNF880
ENSG00000221930	FAM45BP
ENSG00000221944	TIGD1
ENSG00000221962	TMEM14EP
ENSG00000222009	BTBD19
ENSG00000222024	AC004945.1
ENSG00000222038	POTEJ
ENSG00000222112	RN7SKP16
ENSG00000222937	SNORD63
ENSG00000223519	KIF28P
ENSG00000223529	EEF1A1P8
ENSG00000223653	RP11-131L23.1
ENSG00000223703	AC027612.4
ENSG00000223749	MIR503HG
ENSG00000223891	OSER1-AS1
ENSG00000224086	LL22NC03-86G7.1
ENSG00000224189	HAGLR
ENSG00000224259	LINC01133
ENSG00000224431	AC063976.7
ENSG00000224468	RP11-181K3.4
ENSG00000224470	ATXN1L
ENSG00000224490	TTC21B-AS1
ENSG00000224546	EIF4BP3
ENSG00000224578	HNRNPA1P48
ENSG00000224658	RP11-631F7.1
ENSG00000224745	RP11-380G5.2
ENSG00000224785	AC006026.9
ENSG00000224861	YBX1P1
ENSG00000225018	RP11-419M24.5
ENSG00000225092	RP11-405O10.2
ENSG00000225099	ATP6V1E1P1
ENSG00000225159	NPM1P39
ENSG00000225178	RPSAP58
ENSG00000225200	AB019441.29
ENSG00000225313	RP11-415J8.3
ENSG00000225536	STIP1P3
ENSG00000225614	ZNF469
ENSG00000225663	MCRIP1
ENSG00000225783	MIAT
ENSG00000225814	GRPEL2P2
ENSG00000225972	MTND1P23
ENSG00000226102	SEPT7P3
ENSG00000226221	RPL26P19
ENSG00000226312	CFLAR-AS1
ENSG00000226318	RP11-474D14.2
ENSG00000226328	NUP50-AS1
ENSG00000226360	RPL10AP6
ENSG00000226380	MIR29A
ENSG00000226419	SLC16A1-AS1
ENSG00000226430	USP17L7
ENSG00000226440	RP11-506B6.6
ENSG00000226471	CTA-292E10.6
ENSG00000226564	FTH1P20
ENSG00000226608	FTLP3
ENSG00000226688	ENTPD1-AS1
ENSG00000226742	HSBP1L1
ENSG00000226744	AC079781.5
ENSG00000226803	RP11-203B9.4
ENSG00000226824	RP4-756H11.3
ENSG00000226887	ERVMER34-1
ENSG00000226992	AC144525.1
ENSG00000227018	IL6STP1
ENSG00000227051	C14orf132
ENSG00000227097	RPS28P7
ENSG00000227170	AF178030.2
ENSG00000227295	ELL2P1
ENSG00000227344	HAUS6P1
ENSG00000227449	FGF7P6
ENSG00000227491	CCNJP1
ENSG00000227525	RPL7P6
ENSG00000227540	DNAJC9-AS1
ENSG00000227695	DNMBP-AS1
ENSG00000227939	RPL3P2
ENSG00000227954	TARID
ENSG00000228007	AC011933.2
ENSG00000228196	PTPN2P1
ENSG00000228393	LINC01004
ENSG00000228492	RAB11FIP1P1
ENSG00000228502	EEF1A1P11
ENSG00000228716	DHFR
ENSG00000228768	MIR365B
ENSG00000228784	LINC00954
ENSG00000228816	AK3P5
ENSG00000228868	MYLKP1
ENSG00000228906	RP13-216E22.4
ENSG00000228981	RP11-364L4.1
ENSG00000229124	VIM-AS1
ENSG00000229320	KRT8P12
ENSG00000229349	ACTG1P9
ENSG00000229519	RP11-58A11.2
ENSG00000229619	MBNL1-AS1
ENSG00000229847	EMX2OS
ENSG00000229932	YWHAZP3
ENSG00000229989	MIR181A1HG
ENSG00000230006	ANKRD36BP2
ENSG00000230076	RPL10P6
ENSG00000230207	RPL4P5
ENSG00000230330	HMGN2P3
ENSG00000230364	RPL4P3
ENSG00000230397	SPTLC1P1
ENSG00000230453	ANKRD18B
ENSG00000230590	FTX
ENSG00000230629	RPS23P8
ENSG00000230630	DNM3OS
ENSG00000230749	MEIS1-AS2
ENSG00000230896	RP11-767N6.7
ENSG00000230918	AC008063.2
ENSG00000230928	RP11-34A14.3
ENSG00000231025	
ENSG00000231132	RP11-40C11.2
ENSG00000231329	RP1-225E12.2
ENSG00000231414	AC016700.6
ENSG00000231443	AC024937.6
ENSG00000231464	AC024937.4
ENSG00000231500	RPS18
ENSG00000231595	AC005224.2
ENSG00000231609	AC009501.4
ENSG00000231752	EMBP1
ENSG00000231822	AC019097.7
ENSG00000231925	TAPBP
ENSG00000231991	ANXA2P2
ENSG00000232040	ZBED9
ENSG00000232119	MCTS1
ENSG00000232160	RAP2C-AS1
ENSG00000232163	RPLP1P13
ENSG00000232176	RP11-146N23.1
ENSG00000232177	MTND4P24
ENSG00000232187	FTH1P7
ENSG00000232229	LINC00865
ENSG00000232284	GNG12-AS1
ENSG00000232380	ZDHHC20P4
ENSG00000232533	AC093673.5
ENSG00000232573	RPL3P4
ENSG00000232587	EEF1A1P3
ENSG00000232677	LINC00665
ENSG00000232811	RP11-96K19.2
ENSG00000232815	DUX4L50
ENSG00000232821	AC003986.6
ENSG00000232855	AF131217.1
ENSG00000233247	GS1-257G1.1
ENSG00000233276	GPX1
ENSG00000233337	UBE2FP3
ENSG00000233369	GTF2IP4
ENSG00000233476	EEF1A1P6
ENSG00000233559	AC016831.7
ENSG00000233608	TWIST2
ENSG00000233622	CYP2T1P
ENSG00000233635	AC037445.1
ENSG00000233695	GAS6-AS1
ENSG00000233783	AP001442.2
ENSG00000233836	RP11-255H23.2
ENSG00000233859	ADH5P4
ENSG00000233913	RPL10P9
ENSG00000233927	RPS28
ENSG00000234036	TXNP6
ENSG00000234335	RPS4XP11
ENSG00000234338	RP11-797H7.1
ENSG00000234352	AC009264.1
ENSG00000234361	RP11-52J3.3
ENSG00000234456	MAGI2-AS3
ENSG00000234589	RP11-253E3.1
ENSG00000234608	MAPKAPK5-AS1
ENSG00000234614	AL450992.2
ENSG00000234618	RPSAP9
ENSG00000234664	HMGN2P5
ENSG00000234665	RP11-262H14.3
ENSG00000234745	HLA-B
ENSG00000234779	RP11-62F24.2
ENSG00000234782	TPT1P9
ENSG00000234844	CDC42P2
ENSG00000234975	FTH1P2
ENSG00000235106	LINC00094
ENSG00000235109	ZSCAN31
ENSG00000235162	C12orf75
ENSG00000235174	RPL39P3
ENSG00000235205	TATDN2P3
ENSG00000235426	RP11-342M3.5
ENSG00000235427	AC006159.5
ENSG00000235489	DBF4P1
ENSG00000235505	RP11-693N9.2
ENSG00000235531	MSC-AS1
ENSG00000235587	GAPDHP65
ENSG00000235636	NUS1P1
ENSG00000235649	MXRA5Y
ENSG00000235703	LINC00894
ENSG00000235750	KIAA0040
ENSG00000235751	
ENSG00000235823	OLMALINC
ENSG00000235863	B3GALT4
ENSG00000235865	GSN-AS1
ENSG00000236035	RP11-90O23.1
ENSG00000236088	COX10-AS1
ENSG00000236255	AC009404.2
ENSG00000236333	TRHDE-AS1
ENSG00000236404	VLDLR-AS1
ENSG00000236423	LINC01134
ENSG00000236432	AC097662.2
ENSG00000236453	AC003092.1
ENSG00000236526	RP4-742J24.2
ENSG00000236552	RPL13AP5
ENSG00000236581	STARD13-AS
ENSG00000236671	PRKG1-AS1
ENSG00000236792	RP11-142L4.2
ENSG00000236841	AC007750.5
ENSG00000237037	NDUFA6-AS1
ENSG00000237125	HAND2-AS1
ENSG00000237172	B3GNT9
ENSG00000237214	RP11-12M9.3
ENSG00000237234	RP1-142L7.5
ENSG00000237264	FTH1P11
ENSG00000237424	FOXD2-AS1
ENSG00000237438	CECR7
ENSG00000237506	RPSAP15
ENSG00000237515	SHISA9
ENSG00000237596	RP13-143G15.4
ENSG00000237854	LINC00674
ENSG00000237984	PTENP1
ENSG00000238018	AC093110.3
ENSG00000238045	AC009133.12
ENSG00000238105	GOLGA2P5
ENSG00000238297	U3
ENSG00000238961	SNORA47
ENSG00000239523	MYLK-AS1
ENSG00000239779	WBP1
ENSG00000240024	LINC00888
ENSG00000240087	RPSAP12
ENSG00000240163	RP11-745A24.1
ENSG00000240184	PCDHGC3
ENSG00000240230	COX19
ENSG00000240291	RP11-499P20.2
ENSG00000240350	AC017002.1
ENSG00000240509	RPL34P18
ENSG00000240540	RPL3P9
ENSG00000240563	L1TD1
ENSG00000240583	AQP1
ENSG00000240661	RP11-174O3.3
ENSG00000240666	MME-AS1
ENSG00000240694	PNMA2
ENSG00000240775	RP11-170N16.2
ENSG00000240891	PLCXD2
ENSG00000241058	NSUN6
ENSG00000241061	RPL5P1
ENSG00000241278	ENPP7P4
ENSG00000241288	RP11-379B18.5
ENSG00000241316	SUCLG2-AS1
ENSG00000241399	CD302
ENSG00000241478	HSPA8P9
ENSG00000241537	RP11-624D20.1
ENSG00000241560	ZBTB20-AS1
ENSG00000241627	UBQLN4P1
ENSG00000241738	ZNF90P1
ENSG00000241749	RPSAP52
ENSG00000241886	RP11-242C19.2
ENSG00000242262	RP11-100N21.1
ENSG00000242419	PCDHGC4
ENSG00000242477	CTD-2161E19.1
ENSG00000242498	ARPIN
ENSG00000242689	CNTF
ENSG00000242715	CCDC169
ENSG00000243107	AC000120.7
ENSG00000243147	MRPL33
ENSG00000243199	RP11-408P14.1
ENSG00000243244	STON1
ENSG00000243444	PALM2
ENSG00000243742	RPLP0P2
ENSG00000243746	EEF1A1P10
ENSG00000243753	HLA-L
ENSG00000243859	RPL5P17
ENSG00000244026	FAM86DP
ENSG00000244073	RPS4XP6
ENSG00000244242	IFITM10
ENSG00000244363	RPL7P23
ENSG00000244398	RP11-466H18.1
ENSG00000244405	ETV5
ENSG00000244509	APOBEC3C
ENSG00000244586	WNT5A-AS1
ENSG00000244693	CTAGE8
ENSG00000245060	LINC00847
ENSG00000245205	EEF1A1P4
ENSG00000245213	RP11-10K16.1
ENSG00000245532	NEAT1
ENSG00000245573	BDNF-AS
ENSG00000245958	RP11-33B1.1
ENSG00000246090	RP11-696N14.1
ENSG00000246273	SBF2-AS1
ENSG00000246430	LINC00968
ENSG00000246792	RP11-68L18.1
ENSG00000246859	STARD4-AS1
ENSG00000247556	OIP5-AS1
ENSG00000247570	SDCBPP2
ENSG00000247626	MARS2
ENSG00000247809	NR2F2-AS1
ENSG00000247982	LINC00926
ENSG00000248008	NRAV
ENSG00000248113	RP11-791G16.4
ENSG00000248228	SLIT2-IT1
ENSG00000248323	LUCAT1
ENSG00000248388	RP11-313E19.2
ENSG00000248429	RP11-597D13.9
ENSG00000248449	PCDHGB8P
ENSG00000248458	RP4-598P13.1
ENSG00000248476	BACH1-IT1
ENSG00000248483	POU5F2
ENSG00000248508	SRP14-AS1
ENSG00000248698	LINC01085
ENSG00000248927	CTD-2334D19.1
ENSG00000249035	CTB-113P19.1
ENSG00000249087	ZNF436-AS1
ENSG00000249242	TMEM150C
ENSG00000249264	EEF1A1P9
ENSG00000249532	MIR302B
ENSG00000249669	CARMN
ENSG00000249803	RP11-114H21.2
ENSG00000249839	AC011330.5
ENSG00000249855	EEF1A1P19
ENSG00000250001	CTD-2201E9.2
ENSG00000250144	RP11-553P9.1
ENSG00000250182	EEF1A1P13
ENSG00000250280	RP11-305O6.3
ENSG00000250321	RP11-478C6.4
ENSG00000250337	LINC01021
ENSG00000250397	RP11-1391J7.1
ENSG00000250602	RP11-517I3.1
ENSG00000250722	SEPP1
ENSG00000250742	RP11-834C11.4
ENSG00000250786	SNHG18
ENSG00000250802	ZBED3-AS1
ENSG00000250903	GMDS-AS1
ENSG00000250959	GLUD1P3
ENSG00000251141	RP11-53O19.1
ENSG00000251194	RP1-68D18.2
ENSG00000251276	MAGI2-AS1
ENSG00000251322	SHANK3
ENSG00000251348	HSPD1P11
ENSG00000251369	ZNF550
ENSG00000251370	CTD-2201E9.1
ENSG00000251400	ALDH7A1P1
ENSG00000251429	RP11-597D13.7
ENSG00000251523	RP11-724M22.1
ENSG00000251562	MALAT1
ENSG00000251669	FAM86EP
ENSG00000251756	RNA5SP385
ENSG00000251791	SCARNA6
ENSG00000251815	SNORD116-26
ENSG00000251867	RP11-48B3.5
ENSG00000252130	RNU6-1045P
ENSG00000252213	SNORA74
ENSG00000252473	SNORA67
ENSG00000252577	SCARNA20
ENSG00000253139	RP11-17A4.3
ENSG00000253284	RP11-282K24.3
ENSG00000253301	LINC01606
ENSG00000253341	RP11-730G20.2
ENSG00000253368	TRNP1
ENSG00000253476	RP11-395I14.2
ENSG00000253537	PCDHGA7
ENSG00000253540	FAM86HP
ENSG00000253731	PCDHGA6
ENSG00000253873	PCDHGA11
ENSG00000253930	RP11-1149O23.2
ENSG00000253953	PCDHGB4
ENSG00000254087	LYN
ENSG00000254122	PCDHGB7
ENSG00000254198	RP11-598P20.3
ENSG00000254245	PCDHGA3
ENSG00000254254	RP11-17A4.2
ENSG00000254332	GS1-44D20.1
ENSG00000254710	CTD-2216M2.1
ENSG00000254726	MEX3A
ENSG00000254851	RP11-109L13.1
ENSG00000254858	MPV17L2
ENSG00000255090	
ENSG00000255248	MIR100HG
ENSG00000255302	EID1
ENSG00000255399	TBX5-AS1
ENSG00000255443	RP1-68D18.4
ENSG00000255500	RP11-347H15.2
ENSG00000255565	RP11-6B19.1
ENSG00000255874	LINC00346
ENSG00000256025	CACNA1C-AS4
ENSG00000256043	CTSO
ENSG00000256083	RP11-366L20.3
ENSG00000256188	TAS2R30
ENSG00000256463	SALL3
ENSG00000256789	RP11-697H9.2
ENSG00000256849	RP11-405A12.1
ENSG00000257093	KIAA1147
ENSG00000257169	RP11-117N2.2
ENSG00000257195	HNRNPA1P50
ENSG00000257279	RP11-231I16.1
ENSG00000257298	RP3-405J10.3
ENSG00000257335	MGAM
ENSG00000257354	RP11-631N16.2
ENSG00000257803	RP11-575G13.2
ENSG00000258044	RP11-530C5.2
ENSG00000258056	RP11-644F5.11
ENSG00000258673	LINC01397
ENSG00000258712	CXADRP2
ENSG00000258768	CTD-2292M16.8
ENSG00000258952	SALRNA1
ENSG00000259091	LINC00517
ENSG00000259125	LRP1-AS
ENSG00000259201	RP11-56B16.5
ENSG00000259250	RP11-50C13.1
ENSG00000259275	RP11-522B15.3
ENSG00000259291	RP11-617F23.1
ENSG00000259345	RP11-624L4.1
ENSG00000259408	RP11-3D4.3
ENSG00000259429	UBE2Q2P2
ENSG00000259431	THTPA
ENSG00000259450	RP11-265N7.1
ENSG00000259532	RP11-138H8.2
ENSG00000259556	RP11-56B16.2
ENSG00000259571	BLID
ENSG00000259612	EEF1A1P22
ENSG00000259632	RP11-56B16.1
ENSG00000259644	RP11-680F8.4
ENSG00000259649	RP11-351M8.1
ENSG00000259658	RP11-89K11.1
ENSG00000259726	CSPG4P11
ENSG00000259781	RP11-673C5.1
ENSG00000259807	RP11-426C22.4
ENSG00000259924	RP11-16E23.4
ENSG00000260027	HOXB7
ENSG00000260230	FRRS1L
ENSG00000260257	RP5-1085F17.3
ENSG00000260260	SNHG19
ENSG00000260517	RP11-426C22.5
ENSG00000260549	MT1L
ENSG00000260578	CTD-2541J13.1
ENSG00000260635	RP11-21M24.3
ENSG00000260641	RP11-1299A16.3
ENSG00000260708	CTA-29F11.1
ENSG00000260807	RP11-161M6.2
ENSG00000260822	GS1-358P8.4
ENSG00000260855	RP11-439E19.10
ENSG00000260910	LINC00565
ENSG00000260917	RP11-57H14.4
ENSG00000260920	RP1-228H13.5
ENSG00000260948	RP11-552M11.8
ENSG00000260966	RP11-690D19.3
ENSG00000260977	RP11-333I13.1
ENSG00000261040	WFDC21P
ENSG00000261069	RP11-701H24.4
ENSG00000261072	RP11-5N19.3
ENSG00000261087	KB-1460A1.5
ENSG00000261098	RP11-819C21.1
ENSG00000261235	RP11-510J16.5
ENSG00000261326	LINC01355
ENSG00000261338	RP11-378A13.1
ENSG00000261377	PDCD6IPP2
ENSG00000261438	RP11-399O19.9
ENSG00000261468	RP11-1024P17.1
ENSG00000261488	RP11-757F18.5
ENSG00000261553	RP11-29G8.3
ENSG00000261557	EEF1A1P38
ENSG00000261609	GAN
ENSG00000261770	CTC-459F4.1
ENSG00000261824	LINC00662
ENSG00000261889	RP11-473M20.16
ENSG00000262074	SNORD3B-2
ENSG00000263142	LRRC37A17P
ENSG00000263426	RN7SL471P
ENSG00000263466	RP1-56K13.2
ENSG00000263470	
ENSG00000263528	IKBKE
ENSG00000263786	RP11-649A18.4
ENSG00000263934	SNORD3A
ENSG00000264281	CTD-2031P19.4
ENSG00000264630	PRKCA-AS1
ENSG00000264895	RP11-421E14.2
ENSG00000264940	SNORD3C
ENSG00000265204	RP11-403A21.3
ENSG00000265415	CTD-2510F5.4
ENSG00000265491	RNF115
ENSG00000265727	RN7SL648P
ENSG00000266066	POLRMTP1
ENSG00000266378	RP11-214O1.3
ENSG00000266411	RP11-180P8.3
ENSG00000266777	SH3GL1P1
ENSG00000266998	RP11-936I5.1
ENSG00000267023	LRRC37A16P
ENSG00000267119	RPL10P15
ENSG00000267336	EIF4A2P1
ENSG00000267491	CTD-2373H9.5
ENSG00000267799	MAN1A2P1
ENSG00000267904	CTC-429P9.5
ENSG00000268001	CARD8-AS1
ENSG00000268087	CTC-429P9.2
ENSG00000268089	GABRQ
ENSG00000269044	CTC-429P9.3
ENSG00000269343	ZNF587B
ENSG00000269378	ITGB1P1
ENSG00000269397	CTB-92J24.2
ENSG00000269506	RP11-571I18.5
ENSG00000269821	KCNQ1OT1
ENSG00000269887	RP11-477H21.2
ENSG00000269902	RP6-99M1.3
ENSG00000269936	
ENSG00000269967	RP11-84A19.4
ENSG00000269973	RP11-95D17.1
ENSG00000270011	ZNF559-ZNF177
ENSG00000270069	MIR222HG
ENSG00000270071	AP001172.2
ENSG00000270116	AP001429.1
ENSG00000270246	RP11-701H24.8
ENSG00000270392	PFN1P2
ENSG00000270607	RP11-359E10.1
ENSG00000270640	RP11-373D23.2
ENSG00000270661	RP1-142L7.9
ENSG00000270704	RP11-701H24.5
ENSG00000270959	LPP-AS2
ENSG00000271020	RP11-10C24.1
ENSG00000271122	RP11-379H18.1
ENSG00000271204	RP11-138A9.1
ENSG00000271208	RP1-142L7.8
ENSG00000271533	RP3-368A4.6
ENSG00000271590	RP11-181E10.3
ENSG00000271605	MILR1
ENSG00000271811	RP1-79C4.4
ENSG00000271917	RP11-506O24.2
ENSG00000272054	RP11-423P10.2
ENSG00000272211	RP11-347P5.1
ENSG00000272321	KB-1517D11.4
ENSG00000272341	RP1-151F17.2
ENSG00000272356	RP5-1112D6.8
ENSG00000272398	CD24
ENSG00000272620	AFAP1-AS1
ENSG00000272636	DOC2B
ENSG00000272695	GAS6-AS2
ENSG00000272750	RP11-378J18.8
ENSG00000272788	RP11-674N23.4
ENSG00000272808	RP11-66B24.7
ENSG00000272888	LINC01578
ENSG00000272918	CTB-152G17.6
ENSG00000272994	RP11-332H14.2
ENSG00000273007	RP11-170N16.3
ENSG00000273038	RP11-479G22.8
ENSG00000273055	CTB-13F3.1
ENSG00000273079	GRIN2B
ENSG00000273090	RP11-78I14.1
ENSG00000273270	RP11-212P7.2
ENSG00000273319	RP11-138A9.2
ENSG00000273340	MICE
ENSG00000273568	RP11-417L19.6
ENSG00000273604	C17orf96
ENSG00000273675	RP11-406H23.5
ENSG00000273703	HIST1H2BM
ENSG00000273729	RP11-7F17.8
ENSG00000273802	HIST1H2BG
ENSG00000273983	HIST1H3G
ENSG00000274180	NATD1
ENSG00000274211	SOCS7
ENSG00000274253	RP11-566K19.6
ENSG00000274267	HIST1H3B
ENSG00000274276	CBSL
ENSG00000274297	RP11-138H8.8
ENSG00000274452	U2
ENSG00000274499	RP11-403B2.10
ENSG00000274554	RP11-240G22.5
ENSG00000274605	RP11-12G12.7
ENSG00000274828	RP11-567M16.6
ENSG00000275004	ZNF280B
ENSG00000275029	HMGB1P24
ENSG00000275131	CH17-472G23.4
ENSG00000275180	RP11-631N16.4
ENSG00000275215	RNA5-8S5
ENSG00000275322	RP11-262A16.1
ENSG00000275560	RP11-180M15.7
ENSG00000276107	CTD-2033D15.2
ENSG00000276234	TADA2A
ENSG00000276337	RP11-106D4.2
ENSG00000276517	AL133243.2
ENSG00000276545	PCDHGB9P
ENSG00000276644	DACH1
ENSG00000276710	CSPG4P10
ENSG00000277147	LINC00869
ENSG00000277152	RP11-622C24.2
ENSG00000277157	HIST1H4D
ENSG00000277443	MARCKS
ENSG00000277462	ZNF670
ENSG00000277815	
ENSG00000277840	RP11-103B5.4
ENSG00000277893	SRD5A2
ENSG00000277945	RP11-677M24.1
ENSG00000278000	AC139100.4
ENSG00000278206	RP1-20N2.8
ENSG00000278272	HIST1H3C
ENSG00000278463	HIST1H2AB
ENSG00000278530	CHMP1B2P
ENSG00000278535	DHRS11
ENSG00000278588	HIST1H2BI
ENSG00000278597	
ENSG00000278662	GOLGA6L10
ENSG00000278705	HIST1H4B
ENSG00000278771	Metazoa_SRP
ENSG00000278893	RP11-229O3.1
ENSG00000278983	RP11-426J5.3
ENSG00000279030	RP11-212I21.3
ENSG00000279041	CTD-2373N4.3
ENSG00000279092	RP11-1H8.5
ENSG00000279095	AC092066.1
ENSG00000279108	CTC-490E21.11
ENSG00000279118	RP11-517I3.2
ENSG00000279148	RP11-135F9.4
ENSG00000279166	RP11-107E5.3
ENSG00000279192	PWAR5
ENSG00000279207	RP11-159D12.8
ENSG00000279232	AC008522.1
ENSG00000279289	RP3-331H24.6
ENSG00000279329	CTD-2553L13.9
ENSG00000279332	RP11-799B12.1
ENSG00000279339	CTD-2373H9.3
ENSG00000279358	RP11-688I9.5
ENSG00000279425	CTD-2017D11.2
ENSG00000279432	RP11-135N5.3
ENSG00000279453	RP3-425C14.4
ENSG00000279512	RP11-575M22.1
ENSG00000279652	RP1-78B3.1
ENSG00000279659	RP11-177G23.1
ENSG00000279679	RP11-278J6.5
ENSG00000279698	CTD-2201E9.3
ENSG00000279765	RP11-437B10.1
ENSG00000279819	RP11-142L16.2
ENSG00000279852	RP11-91J19.2
ENSG00000279865	RP11-69M1.6
ENSG00000279957	RP11-141B14.2
ENSG00000280138	RP11-463O12.5
ENSG00000280206	CTB-193M12.5
ENSG00000280237	MIR4697HG
ENSG00000280287	RP13-554M15.7
ENSG00000280291	RP11-759A24.2
ENSG00000280383	CTA-941F9.10
ENSG00000280433	CH507-9B2.9
ENSG00000280927	CTBP1-AS
ENSG00000281195	ZNF638-IT1
ENSG00000281325	AC016549.1
ENSG00000281344	HELLPAR
ENSG00000281357	ARRDC3-AS1
ENSG00000282057	RP4-621F18.2
ENSG00000283122	HYMAI
